index,field,ccdid,qid,filter,pid,infobitssci,sciinpseeing,scibckgnd,scisigpix,zpmaginpsci,zpmaginpsciunc,zpmaginpscirms,clrcoeff,clrcoeffunc,ncalmatches,exptime,adpctdif1,adpctdif2,diffmaglim,zpdiff,programid,jd,rfid,forcediffimflux,forcediffimfluxunc,forcediffimsnr,forcediffimchisq,forcediffimfluxap,forcediffimfluxuncap,forcediffimsnrap,aperturecorr,dnearestrefsrc,nearestrefmag,nearestrefmagunc,nearestrefchi,nearestrefsharp,refjdstart,refjdend,procstatus,flux_corr,mag,mag_err,islimit,lim,plot_mag,plot_err
113,646,3,0,ZTF_r,1322377780815,0,1.5328,220.089,6.03966,26.144,3.0467e-06,0.0197171,0.0871507,4.39032e-06,1046,30.0,0.056351,0.056719,20.5286,26.144,3,2459076.8777894,646120208,177.483309991093,35.90363398558305,8.48365408025708,2.38022536183462,177.843122260999,45.1236303810878,3.96778593410015,1.03285390538943,2.79891483157761,20.6769999504089,0.13400000333786,3.49900007247925,0.41100001335144,2458246.951863,2458316.956667,0,155.0626984756561,20.66773165624825,0.25138589616552576,False,20.508728969384517,20.66773165624825,0.25138589616552576
114,646,3,0,ZTF_r,1323300370815,0,1.5093,191.801,6.45466,25.993,6.0283e-06,0.027639,0.089871,8.75162e-06,1040,30.0,0.059284,0.053944,20.2954,25.993,3,2459077.8003704,646120208,184.885917815272,33.441068520135296,8.71206174397633,2.00671137042395,208.986622510587,46.8639101533436,4.48947086892218,1.0298473340301,2.79891483157761,20.6769999504089,0.13400000333786,3.49900007247925,0.41100001335144,2458246.951863,2458316.956667,0,162.4653062998351,20.466098415808112,0.22347520784102165,False,20.4348746248842,20.466098415808112,0.22347520784102165
115,646,3,0,ZTF_r,1323301300815,0,1.3778,216.873,6.49235,26.1241,9.8549e-06,0.0353617,0.0848454,1.43382e-05,1041,30.0,0.062532,0.075293,20.4148,26.1241,1,2459077.8013079,646120208,229.464368838267,43.9661354218844,10.2542044450782,3.1196107799225,150.379151890611,49.5836197015158,3.0532656760841,1.0270893267677,2.79891483157761,20.6769999504089,0.13400000333786,3.49900007247925,0.41100001335144,2458246.951863,2458316.956667,0,207.04375732283012,20.333944648971617,0.23055045872796479,False,20.268879256013097,20.333944648971617,0.23055045872796479
119,646,3,0,ZTF_r,1324305210815,0,1.6662,238.458,6.3567,26.2398,2.6588e-06,0.0184079,0.0900027,3.85261e-06,1044,30.0,0.054929,0.057486,20.4771,26.2398,1,2459078.8052199,646120208,357.639138938919,34.04284478039148,15.2664397978759,1.70658350941528,392.390333648379,48.6937778387229,8.11259924070831,1.03440260421296,2.79891483157761,20.6769999504089,0.13400000333786,3.49900007247925,0.41100001335144,2458246.951863,2458316.956667,0,335.2185274234821,19.92647996514454,0.11025738005041413,False,20.662310377608314,19.92647996514454,0.11025738005041413
120,646,3,0,ZTF_r,1324345150815,0,1.5473,241.801,6.4505,26.2461,3.1986e-06,0.0201311,0.0880356,4.59193e-06,1047,30.0,0.054071,0.058672,20.4882,26.2461,3,2459078.8451505,646120208,360.47559052614,32.94460752251101,15.7871708368534,1.68234850748318,395.02712371694,48.2630645830377,8.24000004058574,1.03150823298175,2.79891483157761,20.6769999504089,0.13400000333786,3.49900007247925,0.41100001335144,2458246.951863,2458316.956667,0,338.0549790107031,19.923631658039156,0.1058051577641688,False,20.704214144025585,19.923631658039156,0.1058051577641688
124,646,3,0,ZTF_r,1325372260815,0,1.4761,236.828,5.83548,26.2236,2.9379e-06,0.0192357,0.086076,4.22964e-06,1038,30.0,0.059221,0.067074,20.6231,26.2236,1,2459079.8722685,646120208,439.067433879054,37.47866182751782,19.6382554117365,2.27092036880383,385.137603994241,45.4478878782154,8.53134317165597,1.03447334891417,2.79891483157761,20.6769999504089,0.13400000333786,3.49900007247925,0.41100001335144,2458246.951863,2458316.956667,0,416.6468223636171,19.674179815138295,0.09766205083552637,False,20.541714799048822,19.674179815138295,0.09766205083552637
125,646,3,0,ZTF_r,1325378770815,0,1.4287,237.393,5.75518,26.2245,3.2058e-06,0.0201011,0.0884339,4.6124e-06,1041,30.0,0.063961,0.072234,20.6536,26.2245,3,2459079.8787731,646120208,449.350174533305,38.01028142125682,20.5005734518836,2.43027129641341,388.076576698743,44.3717453092514,8.80493413202076,1.03443942465858,2.79891483157761,20.6769999504089,0.13400000333786,3.49900007247925,0.41100001335144,2458246.951863,2458316.956667,0,426.9295630178681,19.648609427870703,0.09666175902026108,False,20.52732227652772,19.648609427870703,0.09666175902026108
126,646,3,0,ZTF_r,1326326050815,0,1.5849,228.026,6.80371,26.1831,2.9542e-06,0.0193237,0.086196,4.2779e-06,1042,30.0,0.059245,0.060505,20.3823,26.1831,1,2459080.8260532,646120208,518.057696226441,34.76317119683834,21.2613378652358,1.64495525926895,508.660857615778,49.8037165109285,10.282098478438,1.03307745661238,2.79891483157761,20.6769999504089,0.13400000333786,3.49900007247925,0.41100001335144,2458246.951863,2458316.956667,0,495.63708471100404,19.445190515411017,0.07614921508630496,False,20.582876521209432,19.445190515411017,0.07614921508630496
127,646,3,0,ZTF_r,1326369890815,0,1.5024,228.04,5.6611,26.1796,3.3213e-06,0.0205569,0.0928826,4.79227e-06,1047,30.0,0.061178,0.063737,20.6517,26.1796,3,2459080.8698958,646120208,525.107488509547,43.036681686098476,22.9364061771422,2.85576371985188,500.97031040173,45.8682987730107,10.9954889925485,1.0345202079452,2.79891483157761,20.6769999504089,0.13400000333786,3.49900007247925,0.41100001335144,2458246.951863,2458316.956667,0,502.6868769941101,19.42635613049175,0.09295035825481593,False,20.34757804423425,19.42635613049175,0.09295035825481593
128,646,3,0,ZTF_r,1326370830815,0,1.4822,228.675,5.67737,26.1741,3.8543e-06,0.0221303,0.0921007,5.56961e-06,1046,30.0,0.059005,0.069459,20.657,26.1741,1,2459080.8708333,646120208,495.542416967139,37.550114622061294,21.7912622248122,2.20351512569818,462.146687794618,46.0876566020118,10.0950950130576,1.03326408490568,2.79891483157761,20.6769999504089,0.13400000333786,3.49900007247925,0.41100001335144,2458246.951863,2458316.956667,0,473.1218054517021,19.486667588824275,0.08616842211753376,False,20.490146821584933,19.486667588824275,0.08616842211753376
134,646,3,0,ZTF_r,1327373480815,0,1.4893,225.716,6.02362,26.1697,3.4089e-06,0.02084,0.0889966,4.97262e-06,1044,30.0,0.06062,0.064186,20.5323,26.1697,1,2459081.8734838,646120208,673.820795961547,41.525485331549376,28.0890421718546,2.42161373572772,634.854495790517,47.1451516128799,13.5566491034754,1.03215973510164,2.79891483157761,20.6769999504089,0.13400000333786,3.49900007247925,0.41100001335144,2458246.951863,2458316.956667,0,651.4001844461101,19.135080306998034,0.06921124755713505,False,20.376488196671538,19.135080306998034,0.06921124755713505
135,646,3,0,ZTF_r,1327379690815,0,1.8076,220.114,6.20411,26.1369,3.8334e-06,0.0221239,0.0980121,5.58143e-06,1045,30.0,0.06628,0.052878,20.4109,26.1369,3,2459081.8796991,646120208,576.780821191659,36.517626228705005,24.6899224432938,1.97475537909285,568.73121996419,44.9827069709272,12.7284838109588,1.04184121563053,2.79891483157761,20.6769999504089,0.13400000333786,3.49900007247925,0.41100001335144,2458246.951863,2458316.956667,0,554.3602096762221,19.277419874103064,0.07151881773704725,False,20.483218641297874,19.277419874103064,0.07151881773704725
136,646,3,0,ZTF_r,1328264610815,0,1.806,204.919,6.62939,26.0564,3.0882e-06,0.0198159,0.10033,4.47387e-06,1043,30.0,0.060042,0.049281,20.25,26.0564,3,2459082.7646181,646120208,639.102148948544,36.534635778434,24.00912936268,1.5223420010737,634.384682580773,52.0152702330976,12.278265537316,1.04348600645853,2.79891483157761,20.6769999504089,0.13400000333786,3.49900007247925,0.41100001335144,2458246.951863,2458316.956667,0,616.6815374331071,19.081247633843226,0.0643211311785841,False,20.4022130338384,19.081247633843226,0.0643211311785841
139,646,3,0,ZTF_r,1330305750815,0,1.785,228.702,6.06302,26.1836,3.213e-06,0.0203797,0.0898144,4.64974e-06,1052,30.0,0.057805,0.070819,20.4594,26.1836,3,2459084.8057523,646120208,1120.52512399938,40.23721807611265,43.814717943217,2.00052109292263,1067.51429473152,46.5394903546999,23.092304121404,1.03314098323518,2.79891483157761,20.6769999504089,0.13400000333786,3.49900007247925,0.41100001335144,2458246.951863,2458316.956667,0,1098.1045124839432,18.58199080947112,0.0397826865918414,False,20.424605122158926,18.58199080947112,0.0397826865918414
140,646,3,0,ZTF_r,1330306670815,0,1.7956,227.638,6.11586,26.179,3.8467e-06,0.0221812,0.0901035,5.55831e-06,1047,30.0,0.05755,0.066572,20.475,26.179,1,2459084.8066782,646120208,1016.20385758966,41.34609476621452,39.6291002670155,2.10100040165912,939.790360925585,47.6606476559059,19.851175961935,1.03463334548328,2.79891483157761,20.6769999504089,0.13400000333786,3.49900007247925,0.41100001335144,2458246.951863,2458316.956667,0,993.783246074223,18.68577082295802,0.045170267525647574,False,20.39048874987854,18.68577082295802,0.045170267525647574
143,646,3,0,ZTF_r,1331331970815,0,1.3844,247.209,6.53517,26.27,3.8222e-06,0.0220751,0.0834586,5.53353e-06,1047,30.0,0.070129,0.077546,20.4994,26.27,3,2459085.8319792,646120208,1300.32958582209,53.220445734554936,48.5896032396338,3.19615056993467,1185.99683344024,48.8974100311318,24.418156086171,1.0300002069725,2.79891483157761,20.6769999504089,0.13400000333786,3.49900007247925,0.41100001335144,2458246.951863,2458316.956667,0,1277.9089743066531,18.50375019988112,0.04521561323673809,False,20.207378720270956,18.50375019988112,0.04521561323673809
147,646,3,0,ZTF_r,1332335550815,0,1.3749,245.511,6.5372,26.262,3.9458e-06,0.0223783,0.0859949,5.68272e-06,1045,30.0,0.068598,0.08236,20.5029,26.262,3,2459086.8355556,646120208,1469.91670108683,51.87466037485501,51.0535900893607,2.62342139507609,1340.24312251845,52.9959326610458,25.4598734149865,1.02956704288674,2.79891483157761,20.6769999504089,0.13400000333786,3.49900007247925,0.41100001335144,2458246.951863,2458316.956667,0,1447.4960895713932,18.360456502127153,0.03890878819966737,False,20.227186823187736,18.360456502127153,0.03890878819966737
148,646,3,0,ZTF_r,1332336010815,0,1.3506,245.904,6.4695,26.2616,3.4851e-06,0.0210735,0.0867752,5.02476e-06,1046,30.0,0.075799,0.072385,20.512,26.2616,1,2459086.8360185,646120208,1420.80916724003,58.581778359909656,50.9598419025559,3.56779706072779,1362.28586369811,51.1655194794918,26.8043977921267,1.030449417975,2.79891483157761,20.6769999504089,0.13400000333786,3.49900007247925,0.41100001335144,2458246.951863,2458316.956667,0,1398.3885557245933,18.397530347296914,0.045482520938107646,False,20.094768610734008,18.397530347296914,0.045482520938107646
149,646,3,0,ZTF_r,1333284350815,0,1.7682,220.5,7.26295,26.1413,3.7063e-06,0.021739,0.0925813,5.3735e-06,1046,30.0,0.057238,0.059736,20.2344,26.1413,1,2459087.7843519,646120208,1295.62042855651,47.987891728287714,41.6518730325703,1.92338947847523,1232.77561003477,58.0949746601931,21.362922214103,1.03646890141221,2.79891483157761,20.6769999504089,0.13400000333786,3.49900007247925,0.41100001335144,2458246.951863,2458316.956667,0,1273.1998170410732,18.379058581147966,0.04092087773817299,False,20.191045813374725,18.379058581147966,0.04092087773817299
152,646,3,0,ZTF_r,1333370400815,0,1.5204,226.812,6.36495,26.173,3.2828e-06,0.0205031,0.0918732,4.73563e-06,1049,30.0,0.062952,0.058921,20.4826,26.173,3,2459087.8704051,646120208,1436.27762429434,60.95677537038063,50.2731105756766,3.67899411017668,1336.04303417091,51.2490549173213,26.2451934585933,1.03535040545826,2.79891483157761,20.6769999504089,0.13400000333786,3.49900007247925,0.41100001335144,2458246.951863,2458316.956667,0,1413.8570127789033,18.296986274263457,0.04680867331099167,False,19.96302002754578,18.296986274263457,0.04680867331099167
153,646,3,0,ZTF_r,1333371330815,0,1.7845,228.57,6.3247,26.1826,3.6185e-06,0.0215326,0.089913,5.22059e-06,1050,30.0,0.059777,0.061055,20.4034,26.1826,1,2459087.871331,646120208,1398.69803747093,51.82176842845906,46.905040239392,2.44065251192034,1339.24984333072,54.2736096832217,24.8420876361201,1.03508718815534,2.79891483157761,20.6769999504089,0.13400000333786,3.49900007247925,0.41100001335144,2458246.951863,2458316.956667,0,1376.2774259554933,18.335835033679086,0.04088048886198723,False,20.148894415932926,18.335835033679086,0.04088048886198723
155,646,3,0,ZTF_r,1334359080815,0,1.5075,223.176,5.9242,26.1536,3.2908e-06,0.0205962,0.0895844,4.81418e-06,1047,30.0,0.058946,0.058899,20.5696,26.1536,3,2459088.8590856,646120208,1487.89643428236,52.39163965006338,54.859462190532,3.01558839947779,1424.97901334822,47.530594668656,30.182166644239,1.03246446124402,2.79891483157761,20.6769999504089,0.13400000333786,3.49900007247925,0.41100001335144,2458246.951863,2458316.956667,0,1465.475822766923,18.238653355253437,0.038814426198227746,False,20.10802001328098,18.238653355253437,0.038814426198227746
156,646,3,0,ZTF_r,1334435540815,0,1.8683,219.17,6.34552,26.1386,3.0376e-06,0.0198042,0.0973802,4.46419e-06,1049,30.0,0.059019,0.047966,20.3757,26.1386,1,2459088.935544,646120208,1289.07471214407,47.210053549310835,41.3886364657275,1.85680135337468,1296.52485062536,57.1204907609281,22.8509419772456,1.04385847410392,2.79891483157761,20.6769999504089,0.13400000333786,3.49900007247925,0.41100001335144,2458246.951863,2458316.956667,0,1266.6541006286332,18.38195491641775,0.040465629182464845,False,20.206088756554756,18.38195491641775,0.040465629182464845
159,646,3,0,ZTF_r,1335435210815,0,1.7988,229.291,6.05966,26.1911,3.2649e-06,0.0205691,0.0906588,4.84003e-06,1055,30.0,0.060067,0.048919,20.5209,26.1911,3,2459089.9352199,646120208,1552.39236176998,49.34654719640115,52.7279167460572,2.27029435721329,1522.33285624021,50.9025256914721,30.1082477695411,1.04350990781501,2.79891483157761,20.6769999504089,0.13400000333786,3.49900007247925,0.41100001335144,2458246.951863,2458316.956667,0,1529.9717502545432,18.2293914700505,0.03501734347854416,False,20.21053306351564,18.2293914700505,0.03501734347854416
163,646,3,0,ZTF_r,1336456660815,0,1.6561,239.457,5.57923,26.2389,2.8504e-06,0.0192275,0.0910917,4.20863e-06,1059,30.0,0.056924,0.050716,20.6845,26.2389,1,2459090.9566667,646120208,1561.85230691852,54.508436068670356,55.7450971304245,3.0588013085102,1457.12150319377,48.1675777381321,30.4548281071612,1.03731817031805,2.79891483157761,20.6769999504089,0.13400000333786,3.49900007247925,0.41100001335144,2458246.951863,2458316.956667,0,1539.4316954030833,18.270498939957534,0.0384426338735736,False,20.150315685094665,18.270498939957534,0.0384426338735736
164,646,3,0,ZTF_r,1336457600815,0,1.6962,239.534,5.60811,26.2401,3.0034e-06,0.0197394,0.088497,4.43047e-06,1060,30.0,0.057791,0.049975,20.6575,26.2401,3,2459090.9576042,646120208,1570.59700689308,50.235595763496015,54.3553256737709,2.44268904920778,1445.0598637081,49.9009372016194,29.1536092629609,1.03802625650038,2.79891483157761,20.6769999504089,0.13400000333786,3.49900007247925,0.41100001335144,2458246.951863,2458316.956667,0,1548.1763953776433,18.265548895995316,0.03522905173032535,False,20.240146096426205,18.265548895995316,0.03522905173032535
167,646,3,0,ZTF_r,1337468860815,0,1.8764,252.405,5.40632,26.2965,3.0062e-06,0.019789,0.0888898,4.41636e-06,1067,30.0,0.06139,0.054653,20.649,26.2965,3,2459091.9688657,646120208,1630.86582785571,53.1146433481345,55.7518913614013,2.66441384566688,1542.49064364763,49.2986271747908,31.4994452355406,1.04048124673278,2.79891483157761,20.6769999504089,0.13400000333786,3.49900007247925,0.41100001335144,2458246.951863,2458316.956667,0,1608.4452163402732,18.280484316460978,0.0358523670543654,False,20.236039315054597,18.280484316460978,0.0358523670543654
210,646,3,0,ZTF_r,1352222980815,0,1.8164,163.23,5.95707,25.8003,4.0453e-06,0.0229494,0.104173,5.96052e-06,1058,30.0,0.056982,0.049528,20.1324,25.8003,2,2459106.7229861,646120208,474.164971252772,36.716076933414925,18.3256178046451,1.62727613289711,381.421140107148,51.0185800930009,7.52647433015248,1.04743189959953,2.79891483157761,20.6769999504089,0.13400000333786,3.49900007247925,0.41100001335144,2458246.951863,2458316.956667,0,451.74435973733506,19.16306815281267,0.08824159918628882,False,20.140734311185895,19.16306815281267,0.08824159918628882
217,646,3,0,ZTF_r,1352367280815,0,1.7287,166.35,6.10172,25.8313,3.6519e-06,0.0217728,0.106715,5.38129e-06,1061,30.0,0.055707,0.05201,20.172,25.8313,1,2459106.8672801,646120208,461.678521250619,33.42143562586717,18.7474817174713,1.48849416714062,467.937194360415,49.1138427633891,9.591771927859,1.04225258561927,2.79891483157761,20.6769999504089,0.13400000333786,3.49900007247925,0.41100001335144,2458246.951863,2458316.956667,0,439.25790973518207,19.224501023509305,0.08260671431250885,False,20.273812236203007,19.224501023509305,0.08260671431250885
218,646,3,0,ZTF_r,1352368210815,0,1.5478,167.756,6.08585,25.8347,4.0743e-06,0.0230517,0.0996049,6.00913e-06,1066,30.0,0.059108,0.056287,20.2497,25.8347,2,2459106.8682176,646120208,483.013792743172,36.56041169420801,21.1912482317718,2.07924930753704,459.351075574141,45.7153299415683,10.1157496202682,1.03761261625444,2.79891483157761,20.6769999504089,0.13400000333786,3.49900007247925,0.41100001335144,2458246.951863,2458316.956667,0,460.5931812277351,19.176406239404766,0.0861793890882105,False,20.179747295335062,19.176406239404766,0.0861793890882105
219,646,3,0,ZTF_r,1352370090815,0,1.5658,163.38,6.16579,25.8185,3.9325e-06,0.0226355,0.0963532,5.79998e-06,1063,30.0,0.059179,0.05559,20.2182,25.8185,3,2459106.8700926,646120208,458.427372747276,33.26054749959853,18.4883132573266,1.45412815875087,430.52750693032,50.6331973767589,8.56013755629037,1.03747772764068,2.79891483157761,20.6769999504089,0.13400000333786,3.49900007247925,0.41100001335144,2458246.951863,2458316.956667,0,436.0067612318391,19.219766939999914,0.0828220560577792,False,20.26625150457466,19.219766939999914,0.0828220560577792
223,646,3,0,ZTF_r,1353253320815,0,1.8681,178.122,5.84758,25.9257,3.325e-06,0.0208039,0.0903872,4.90952e-06,1063,30.0,0.059667,0.047516,20.2918,25.9257,2,2459107.7533218,646120208,477.005129097802,32.9243538766324,20.4694038027136,1.61320369755244,443.512079763933,46.8253005273779,9.53542538136002,1.03471188105536,2.79891483157761,20.6769999504089,0.13400000333786,3.49900007247925,0.41100001335144,2458246.951863,2458316.956667,0,454.5845175823651,19.281663399327044,0.0786343784737083,False,20.384481836876198,19.281663399327044,0.0786343784737083
224,646,3,0,ZTF_r,1353297180815,0,1.5384,179.048,5.94066,25.9064,3.6674e-06,0.0218666,0.0964141,5.37672e-06,1063,30.0,0.061447,0.055271,20.3585,25.9064,3,2459107.7971875,646120208,479.763485892865,37.640191218225816,19.9159222763908,1.97306095618174,486.097389517616,48.3753843343849,10.1161218693563,1.03958621549796,2.79891483157761,20.6769999504089,0.13400000333786,3.49900007247925,0.41100001335144,2458246.951863,2458316.956667,0,457.3428743774281,19.255795207609317,0.08935518162660301,False,20.219845436543334,19.255795207609317,0.08935518162660301
225,646,3,0,ZTF_r,1353298120815,0,1.5347,179.477,5.91375,25.9229,3.5125e-06,0.0214258,0.0919198,5.1563e-06,1062,30.0,0.057729,0.063597,20.3695,25.9229,2,2459107.798125,646120208,478.395368126744,35.40450060189826,20.5443746557938,1.86818234749688,507.35628151392,47.7125168022534,10.705227673852,1.03398376689293,2.79891483157761,20.6769999504089,0.13400000333786,3.49900007247925,0.41100001335144,2458246.951863,2458316.956667,0,455.9747566113071,19.275547999522427,0.08429998754568721,False,20.302828807094677,19.275547999522427,0.08429998754568721
235,646,3,0,ZTF_r,1354382030815,0,1.7103,194.557,5.95011,26.0071,3.3783e-06,0.0209866,0.0976222,4.97038e-06,1066,30.0,0.056798,0.052932,20.382,26.0071,2,2459108.882037,646120208,489.211469934085,33.76359424825278,20.6289162707156,1.63812601522865,434.099295168299,47.0728823818028,9.28396471141235,1.03876954287127,2.79891483157761,20.6769999504089,0.13400000333786,3.49900007247925,0.41100001335144,2458246.951863,2458316.956667,0,466.7908584186481,19.3342941442981,0.07853010318049453,False,20.438553307850036,19.3342941442981,0.07853010318049453
236,646,3,0,ZTF_r,1355239270815,0,1.9835,211.639,5.68637,26.0975,3.1646e-06,0.0203933,0.0987892,4.66059e-06,1069,30.0,0.060614,0.052722,20.4342,26.0975,3,2459109.7392708,646120208,437.543299493534,42.13515143052992,17.3695722186969,2.26107873939625,366.474118683624,48.6220493026754,7.58796365536391,1.04819666275429,2.79891483157761,20.6769999504089,0.13400000333786,3.49900007247925,0.41100001335144,2458246.951863,2458316.956667,0,415.1226879780971,19.552058825464627,0.11019906941472692,False,20.28846359145644,19.552058825464627,0.11019906941472692
237,646,3,0,ZTF_r,1355240200815,0,1.8285,211.447,5.6968,26.1004,3.1483e-06,0.0203088,0.0939626,4.6297e-06,1068,30.0,0.058932,0.050722,20.4951,26.1004,2,2459109.7402083,646120208,469.327465175472,35.01655335562791,19.9879144519925,1.79729851378989,481.445468950858,45.7624805808881,10.5913845956721,1.04509600833241,2.79891483157761,20.6769999504089,0.13400000333786,3.49900007247925,0.41100001335144,2458246.951863,2458316.956667,0,446.9068536600351,19.47485746262237,0.08506799944295632,False,20.492291497462475,19.47485746262237,0.08506799944295632
238,646,3,0,ZTF_r,1355241140815,0,1.9642,210.918,5.68568,26.0962,3.2848e-06,0.0207299,0.0954777,4.82842e-06,1069,30.0,0.061242,0.053792,20.4293,26.0962,1,2459109.7411458,646120208,430.260166206874,33.00565928518463,17.3883124949544,1.43787063341252,425.33347628207,47.7441719188755,8.96859458456888,1.04941391936756,2.79891483157761,20.6769999504089,0.13400000333786,3.49900007247925,0.41100001335144,2458246.951863,2458316.956667,0,407.83955469143706,19.569976640171262,0.08786358231740518,False,20.552303958737713,19.569976640171262,0.08786358231740518
243,646,3,0,ZTF_r,1355397580815,0,2.0538,175.916,6.91692,25.904,5.0279e-06,0.0256171,0.103524,7.32548e-06,1070,30.0,0.068287,0.066971,19.9777,25.904,2,2459109.897581,646120208,353.802170848195,36.71915188644903,12.2622788536192,1.308871678792,298.860195116663,56.5098248939764,5.32426062707087,1.04954234070832,2.79891483157761,20.6769999504089,0.13400000333786,3.49900007247925,0.41100001335144,2458246.951863,2458316.956667,0,331.38155933275806,19.603179156982822,0.12030235865685615,False,20.244343385130577,19.603179156982822,0.12030235865685615
246,646,3,0,ZTF_r,1356258930815,0,1.72,167.408,6.68884,25.8421,4.1117e-06,0.0232428,0.0990226,6.00884e-06,1076,30.0,0.058417,0.052662,20.1,25.8421,2,2459110.7589352,646120208,363.091528139457,36.42669435403097,14.439786492566,1.69597416835459,333.842464752965,51.3179263505544,6.54919122539801,1.03879237818121,2.79891483157761,20.6769999504089,0.13400000333786,3.49900007247925,0.41100001335144,2458246.951863,2458316.956667,0,340.6709166240201,19.511262352379372,0.1160899276406941,False,20.191125584863933,19.511262352379372,0.1160899276406941
247,646,3,0,ZTF_r,1356259870815,0,1.7427,169.759,6.66569,25.8565,4.0593e-06,0.0230355,0.100335,5.92335e-06,1072,30.0,0.061268,0.053542,20.119,25.8565,3,2459110.7598727,646120208,327.057260340531,35.975940924687634,13.2600005849812,1.71931011474738,308.351932791011,51.4149285814554,6.03771529717394,1.04163566616559,2.79891483157761,20.6769999504089,0.13400000333786,3.49900007247925,0.41100001335144,2458246.951863,2458316.956667,0,304.6366488250941,19.647044626883797,0.12821529915252905,False,20.21904458562265,19.647044626883797,0.12821529915252905
252,646,3,0,ZTF_r,1356360170815,0,1.8073,197.343,7.15762,26.0235,3.9115e-06,0.0226141,0.0944405,5.73218e-06,1070,30.0,0.064948,0.054296,20.1826,26.0235,2,2459110.8601736,646120208,369.295021541546,37.4782524727446,12.6227811544806,1.32620989041025,284.86767208245,60.1857562842997,4.76501900032737,1.04155658108862,2.79891483157761,20.6769999504089,0.13400000333786,3.49900007247925,0.41100001335144,2458246.951863,2458316.956667,0,346.8744100261091,19.673069345482656,0.117305103903733,False,20.341626657896054,19.673069345482656,0.117305103903733
253,646,3,0,ZTF_r,1357269020815,0,1.7499,226.338,5.77112,26.1751,2.7381e-06,0.0189271,0.0910963,4.02099e-06,1069,30.0,0.056477,0.053686,20.5724,26.1751,3,2459111.7690278,646120208,438.072774562739,32.21595301268557,18.9291228057539,1.56603265939297,382.407667716502,46.1609958607561,8.34001082909171,1.03757522996578,2.79891483157761,20.6769999504089,0.13400000333786,3.49900007247925,0.41100001335144,2458246.951863,2458316.956667,0,415.6521630473021,19.628274887736428,0.08414935201935249,False,20.657497531218308,19.628274887736428,0.08414935201935249
260,646,3,0,ZTF_r,1357406940815,0,1.8276,221.321,6.75969,26.151,3.1606e-06,0.0203197,0.0923422,4.66e-06,1073,30.0,0.057399,0.056554,20.3564,26.151,2,2459111.9069444,646120208,400.484707200336,35.599969823414014,15.3440095480038,1.50347255202967,344.856656768802,52.8771784379274,6.565768001426,1.04000853502594,2.79891483157761,20.6769999504089,0.13400000333786,3.49900007247925,0.41100001335144,2458246.951863,2458316.956667,0,378.0640956848991,19.707086412824342,0.10223368915067389,False,20.524950914559952,19.707086412824342,0.10223368915067389
262,646,3,0,ZTF_r,1358192840815,0,1.626,243.21,6.22113,26.2548,2.6273e-06,0.0185721,0.0884079,3.86407e-06,1071,30.0,0.057675,0.058944,20.5938,26.2548,2,2459112.6928472,646120208,455.812872618541,36.85675091889828,18.5525159097912,1.81868274593962,490.100037072467,50.480299409705,9.77412762581899,1.03398473142459,2.79891483157761,20.6769999504089,0.13400000333786,3.49900007247925,0.41100001335144,2458246.951863,2458316.956667,0,433.3922611031041,19.66259711988606,0.09233061608160142,False,20.591082370049666,19.66259711988606,0.09233061608160142
267,646,3,0,ZTF_r,1358342600815,0,1.522,247.209,5.90652,26.2827,3.6475e-06,0.0218761,0.0879137,5.329e-06,1073,30.0,0.062339,0.071061,20.7112,26.2827,1,2459112.8426042,646120208,483.257219375019,33.94676776977568,21.8461693527529,1.90318561835254,464.200155387672,45.6245287020415,10.2428799471853,1.03142206470642,2.79891483157761,20.6769999504089,0.13400000333786,3.49900007247925,0.41100001335144,2458246.951863,2458316.956667,0,460.8366078595821,19.623832572009423,0.07997629775730743,False,20.708278915709727,19.623832572009423,0.07997629775730743
268,646,3,0,ZTF_r,1358343540815,0,1.5407,248.518,5.86995,26.2822,3.8914e-06,0.0226216,0.0847011,5.70102e-06,1074,30.0,0.055915,0.075769,20.6841,26.2822,3,2459112.8435417,646120208,439.554713506352,37.39833498442942,18.5794105534365,2.01944910592941,371.767713053643,48.9850958216307,7.64051970733128,1.03216127406644,2.79891483157761,20.6769999504089,0.13400000333786,3.49900007247925,0.41100001335144,2458246.951863,2458316.956667,0,417.1341019909151,19.73151075949555,0.09733889437186158,False,20.602644320769123,19.73151075949555,0.09733889437186158
269,646,3,0,ZTF_r,1358357880815,0,1.3713,247.312,5.83832,26.2737,3.5535e-06,0.0215914,0.088823,5.20554e-06,1073,30.0,0.068064,0.078861,20.7335,26.2737,2,2459112.8578819,646120208,442.841209434258,44.29859841278463,19.7324202607263,3.14872712566095,421.679049190405,46.4871141301477,9.13197323153816,1.03183020368186,2.79891483157761,20.6769999504089,0.13400000333786,3.49900007247925,0.41100001335144,2458246.951863,2458316.956667,0,420.4205979188211,19.714490036180486,0.11439731672244785,False,20.41030002525143,19.714490036180486,0.11439731672244785
273,646,3,0,ZTF_r,1359258390815,0,1.5457,236.96,5.77901,26.2268,3.1341e-06,0.020266,0.0907395,4.60889e-06,1070,30.0,0.059366,0.059479,20.6768,26.2268,2,2459113.7583912,646120208,416.124557785472,35.928747045707496,18.0715971974378,1.96752801442859,392.645724318198,47.4140025733841,8.33699317518097,1.03460108338207,2.79891483157761,20.6769999504089,0.13400000333786,3.49900007247925,0.41100001335144,2458246.951863,2458316.956667,0,393.7039462700351,19.738875580152246,0.09907912033162551,False,20.59076980870214,19.738875580152246,0.09907912033162551
274,646,3,0,ZTF_r,1359259320815,0,1.6902,238.114,5.79568,26.2196,2.7934e-06,0.0191258,0.091607,4.10113e-06,1068,30.0,0.05568,0.050195,20.6239,26.2196,3,2459113.7593287,646120208,379.485480087905,32.755022738231744,16.1327418766447,1.56701174498183,390.143335193854,47.4611287120419,8.27563489663893,1.04135604000767,2.79891483157761,20.6769999504089,0.13400000333786,3.49900007247925,0.41100001335144,2458246.951863,2458316.956667,0,357.0648685724681,19.837732194286154,0.09959570743846702,False,20.683980226031835,19.837732194286154,0.09959570743846702
275,646,3,0,ZTF_r,1359277300815,0,1.3732,238.899,5.89715,26.2222,3.6079e-06,0.0217639,0.0911475,5.28197e-06,1069,30.0,0.069385,0.068457,20.6708,26.2222,1,2459113.7773032,646120208,386.209466759846,37.61969515196718,16.5766531147768,2.10702074078811,346.910692054815,48.9232017438942,7.13868150644632,1.03196182064777,2.79891483157761,20.6769999504089,0.13400000333786,3.49900007247925,0.41100001335144,2458246.951863,2458316.956667,0,363.7888552444091,19.820076524451224,0.11227310138198215,False,20.536236809260345,19.820076524451224,0.11227310138198215
276,646,3,0,ZTF_r,1359335840815,0,1.6811,233.535,6.29646,26.2099,2.848e-06,0.01937,0.0905898,4.1792e-06,1074,30.0,0.055753,0.053234,20.5366,26.2099,2,2459113.8358449,646120208,358.910582856678,35.94313971140348,14.3873663010315,1.67769300271331,302.462701729093,51.2116766542869,5.94590580353345,1.03727716976371,2.79891483157761,20.6769999504089,0.13400000333786,3.49900007247925,0.41100001335144,2458246.951863,2458316.956667,0,336.4899713412411,19.892469687114595,0.11597215402623784,False,20.573434961666866,19.892469687114595,0.11597215402623784
280,646,3,0,ZTF_r,1360295020815,0,1.5657,236.485,6.1498,26.2237,3.409e-06,0.020991,0.0863388,4.96489e-06,1064,30.0,0.056139,0.063039,20.563,26.2237,3,2459114.7950231,646120208,352.333476424633,41.373591127029705,15.7462454108676,2.76301376127789,314.81378235164,47.0025620012773,6.74291055198114,1.0317451287773,2.79891483157761,20.6769999504089,0.13400000333786,3.49900007247925,0.41100001335144,2458246.951863,2458316.956667,0,329.91286490919606,19.927701872169248,0.1361550659716758,False,20.434466943570566,19.927701872169248,0.1361550659716758
286,646,3,0,ZTF_r,1360406460815,0,1.5782,221.708,6.62489,26.147,3.4911e-06,0.0212325,0.094593,5.08444e-06,1065,30.0,0.063124,0.059302,20.4253,26.147,2,2459114.9064699,646120208,328.006418002971,36.86179825261062,13.1681375111959,1.76981330930328,314.624688234137,51.4860798883753,6.15202602913282,1.04025486024677,2.79891483157761,20.6769999504089,0.13400000333786,3.49900007247925,0.41100001335144,2458246.951863,2458316.956667,0,305.58580648753406,19.934167053147394,0.13096437567852795,False,20.48313369449869,19.934167053147394,0.13096437567852795
292,646,3,0,ZTF_r,1361291930815,0,1.638,249.388,6.5961,26.2781,2.7788e-06,0.0189822,0.0887976,4.04734e-06,1057,30.0,0.057653,0.05362,20.5089,26.2781,3,2459115.7919329,646120208,328.081528590102,38.165277691477286,14.0317673557242,2.15322018693762,277.750103122776,48.6089907748432,5.7524495281714,1.0358457242884,2.79891483157761,20.6769999504089,0.13400000333786,3.49900007247925,0.41100001335144,2458246.951863,2458316.956667,0,305.66091707466506,20.065000220521302,0.1355621202285248,False,20.576503922494464,20.065000220521302,0.1355621202285248
293,646,3,0,ZTF_r,1361324070815,0,1.8818,246.911,6.1519,26.2651,2.8303e-06,0.0191076,0.0939209,4.10875e-06,1053,30.0,0.06116,0.050554,20.5311,26.2651,1,2459115.8240741,646120208,326.283928537129,37.70825535876846,12.803562719595,1.76943078047768,329.68921837292,51.0570649796787,6.5007593828475,1.045365405336,2.79891483157761,20.6769999504089,0.13400000333786,3.49900007247925,0.41100001335144,2458246.951863,2458316.956667,0,303.86331702169207,20.05840431410291,0.1347311457147436,False,20.576583890550268,20.05840431410291,0.1347311457147436
294,646,3,0,ZTF_r,1361335420815,0,1.8615,246.679,6.0828,26.2697,2.7414e-06,0.0187204,0.0889584,3.97165e-06,1050,30.0,0.0579,0.054803,20.5534,26.2697,2,2459115.8354282,646120208,354.736254015774,41.31248730123273,13.3862862704392,1.96409346161058,333.466807596557,53.8447185926177,6.23483109405144,1.04105037380648,2.79891483157761,20.6769999504089,0.13400000333786,3.49900007247925,0.41100001335144,2458246.951863,2458316.956667,0,332.3156425003371,19.965823038680373,0.13497097857168394,False,20.48207163082275,19.965823038680373,0.13497097857168394
302,646,3,0,ZTF_r,1362317850815,0,1.4535,245.177,6.11636,26.2612,3.902e-06,0.0223588,0.0892863,5.64728e-06,1048,30.0,0.058773,0.078529,20.6612,26.2612,1,2459116.8178588,646120208,355.699466497218,40.3638142633868,14.875220370144,2.30268846288618,303.161894005497,51.2902510817215,5.95052081764486,1.03328568852271,2.79891483157761,20.6769999504089,0.13400000333786,3.49900007247925,0.41100001335144,2458246.951863,2458316.956667,0,333.2788549817811,19.95418059865726,0.13149046958936134,False,20.498794491477263,19.95418059865726,0.13149046958936134
303,646,3,0,ZTF_r,1362318790815,0,1.4754,246.855,6.10486,26.2713,5.1918e-06,0.0257881,0.0874228,7.53858e-06,1045,30.0,0.061374,0.071692,20.6778,26.2713,2,2459116.8187963,646120208,348.713673187548,38.32627151961683,14.9461288680776,2.18073570200959,413.496163225957,50.0961322580839,8.30964517442508,1.03258599382213,2.79891483157761,20.6769999504089,0.13400000333786,3.49900007247925,0.41100001335144,2458246.951863,2458316.956667,0,326.2930616721111,19.98728040248674,0.1275259509828693,False,20.565133559157168,19.98728040248674,0.1275259509828693
304,646,3,0,ZTF_r,1362319730815,0,1.4949,246.426,6.11861,26.2667,3.8681e-06,0.0223057,0.0895438,5.60992e-06,1048,30.0,0.062144,0.075284,20.6618,26.2667,3,2459116.8197338,646120208,364.013641407326,38.213993673272704,15.4062214774934,2.11393781721314,362.302542451381,49.9932000156529,7.29584565112122,1.03243784519642,2.79891483157761,20.6769999504089,0.13400000333786,3.49900007247925,0.41100001335144,2458246.951863,2458316.956667,0,341.5930298918891,19.9329274988684,0.12145719994404754,False,20.56371892074169,19.9329274988684,0.12145719994404754
305,646,3,0,ZTF_r,1362355640815,0,1.4393,246.695,7.26043,26.2656,3.5716e-06,0.0213911,0.0872093,5.17796e-06,1053,30.0,0.066869,0.065628,20.4187,26.2656,2,2459116.8556481,646120208,337.001518070148,39.887379655723365,13.2456946319114,1.98631066410751,332.90810136721,54.8567915071778,6.10954901618521,1.03322914164401,2.79891483157761,20.6769999504089,0.13400000333786,3.49900007247925,0.41100001335144,2458246.951863,2458316.956667,0,314.5809065547111,20.021269100893168,0.13766165456925863,False,20.516086221927523,20.021269100893168,0.13766165456925863
306,646,3,0,ZTF_r,1362367370815,0,1.489,244.307,7.29698,26.2543,3.9184e-06,0.0224884,0.0884608,5.67587e-06,1054,30.0,0.063753,0.06566,20.4139,26.2543,1,2459116.8673727,646120208,335.956125407563,38.76531848606782,13.2930778687648,1.90135442761892,307.089693271799,53.9301674941079,5.73256072416497,1.03422015712899,2.79891483157761,20.6769999504089,0.13400000333786,3.49900007247925,0.41100001335144,2458246.951863,2458316.956667,0,313.53551389212606,20.01358314973192,0.13423521233005942,False,20.535766598225003,20.01358314973192,0.13423521233005942
313,646,3,0,ZTF_r,1363348910815,0,1.5332,251.113,6.40792,26.2751,3.3031e-06,0.0205246,0.0876413,4.8063e-06,1046,30.0,0.05868,0.062814,20.5345,26.2751,2,2459117.848912,646120208,310.457042786056,40.00847535598923,12.9589764844926,2.25389028623521,322.852940557495,50.6649420371304,6.41523232078829,1.03604616961137,2.79891483157761,20.6769999504089,0.13400000333786,3.49900007247925,0.41100001335144,2458246.951863,2458316.956667,0,288.03643127061906,20.126481446407755,0.1508045406005844,False,20.522294985187408,20.126481446407755,0.1508045406005844
314,646,3,0,ZTF_r,1363349840815,0,1.6208,248.593,6.45309,26.2737,3.1534e-06,0.0200281,0.0897393,4.59906e-06,1045,30.0,0.060469,0.056294,20.5271,26.2737,3,2459117.8498495,646120208,330.187694733564,30.502693994731537,14.2241144769903,1.39538966814495,370.441277754971,48.0864797049259,7.75553177031074,1.04183247408029,2.79891483157761,20.6769999504089,0.13400000333786,3.49900007247925,0.41100001335144,2458246.951863,2458316.956667,0,307.7670832181271,20.05314457839247,0.10760336850776477,False,20.815429494450523,20.05314457839247,0.10760336850776477
320,646,3,0,ZTF_r,1364322280815,0,1.6008,255.779,7.80516,26.2963,3.7698e-06,0.0219369,0.0891371,5.44585e-06,1047,30.0,0.06024,0.065804,20.4018,26.2963,3,2459118.8222801,646120208,332.119152499337,41.44437348303163,12.0956570532954,1.8411647137432,305.912631097858,58.9125384721543,5.2276302847572,1.03561821085163,2.79891483157761,20.6769999504089,0.13400000333786,3.49900007247925,0.41100001335144,2458246.951863,2458316.956667,0,309.6985409839001,20.068952101591353,0.14529017846702288,False,20.505211042241825,20.068952101591353,0.14529017846702288
321,646,3,0,ZTF_r,1364338490815,0,1.5208,255.305,7.3399,26.2948,3.7424e-06,0.021922,0.0907461,5.42962e-06,1049,30.0,0.064775,0.064388,20.4981,26.2948,2,2459118.8384954,646120208,315.103668952264,41.57331694231872,11.9342450246461,2.00356174423364,312.035905237386,56.5719924403981,5.55287999345399,1.03641792230984,2.79891483157761,20.6769999504089,0.13400000333786,3.49900007247925,0.41100001335144,2458246.951863,2458316.956667,0,292.6830574368271,20.128806042178752,0.1542151110472722,False,20.500338298577738,20.128806042178752,0.1542151110472722
384,646,3,0,ZTF_r,1373104370815,0,1.5457,175.016,7.96964,25.8855,6.2132e-06,0.0280327,0.0922969,9.08981e-06,1030,30.0,0.072249,0.06125,20.0176,25.8855,2,2459127.604375,646120208,173.004681179206,34.70284427356536,5.98619612062519,1.16521673645233,244.203792350275,63.8815365716388,3.84850665992191,1.03434128104161,2.79891483157761,20.6769999504089,0.13400000333786,3.49900007247925,0.41100001335144,2458246.951863,2458316.956667,0,150.5840696637691,20.44105242463876,0.25020493941979755,False,20.287162310706407,20.44105242463876,0.25020493941979755
402,646,3,0,ZTF_r,1375220040815,0,1.6167,247.245,7.54226,26.2724,3.4133e-06,0.0209599,0.0873541,4.98625e-06,1063,30.0,0.059099,0.053377,20.4304,26.2724,2,2459129.7200463,646120208,235.191758254308,38.79129576186599,8.15083224771642,1.46055758244233,246.034292306321,61.5826568347445,4.02209583268286,1.03793234090458,2.79891483157761,20.6769999504089,0.13400000333786,3.49900007247925,0.41100001335144,2458246.951863,2458316.956667,0,212.77114673887112,20.452618164411554,0.19793900843306306,False,20.55313927225382,20.452618164411554,0.19793900843306306
403,646,3,0,ZTF_r,1375220970815,0,1.5718,246.695,7.55634,26.2698,3.5108e-06,0.0213128,0.0866682,5.13115e-06,1063,30.0,0.058028,0.052814,20.4465,26.2698,3,2459129.7209722,646120208,211.068035660743,44.65926947600484,7.17626943210944,1.8632286878716,262.022617787557,63.5576557258156,4.15036319671336,1.03673949007369,2.79891483157761,20.6769999504089,0.13400000333786,3.49900007247925,0.41100001335144,2458246.951863,2458316.956667,0,188.6474241453061,20.580672801059627,0.2570221623209208,False,20.397595952349107,20.580672801059627,0.2570221623209208
404,646,3,0,ZTF_r,1375221920815,0,1.5277,249.171,7.51108,26.2735,3.3712e-06,0.0208378,0.0840354,4.92557e-06,1062,30.0,0.060666,0.057865,20.4678,26.2735,1,2459129.7219213,646120208,228.495365987817,39.66902304655386,8.39340247909726,1.7159898389263,169.686133707745,58.8032482753409,2.90509426930383,1.03382666276717,2.79891483157761,20.6769999504089,0.13400000333786,3.49900007247925,0.41100001335144,2458246.951863,2458316.956667,0,206.0747544723801,20.48843802230951,0.20899531547138617,False,20.529946226739085,20.48843802230951,0.20899531547138617
405,646,3,0,ZTF_r,1375253240815,0,1.5771,249.753,7.65514,26.2843,3.6068e-06,0.0215603,0.0876633,5.26934e-06,1062,30.0,0.057584,0.056198,20.4481,26.2843,2,2459129.7532407,646120208,211.48249536817,38.58630224084642,7.56527185624418,1.53977387492337,173.401248474505,60.5014682255695,2.88536990885501,1.03773446196092,2.79891483157761,20.6769999504089,0.13400000333786,3.49900007247925,0.41100001335144,2458246.951863,2458316.956667,0,189.0618838527331,20.59279004754604,0.2215843166754807,False,20.57079208479816,20.59279004754604,0.2215843166754807
410,646,3,0,ZTF_r,1376198810815,0,1.6648,251.461,5.4516,26.2931,2.8185e-06,0.0190434,0.0843138,4.12426e-06,1060,30.0,0.058372,0.053733,20.7624,26.2931,2,2459130.6988194,646120208,224.51458116218,30.26889876684404,9.90583972010784,1.44137547960946,221.964005889945,47.482900781079,4.70609298430513,1.038573431605,2.79891483157761,20.6769999504089,0.13400000333786,3.49900007247925,0.41100001335144,2458246.951863,2458316.956667,0,202.09396964674312,20.529216613394034,0.1626121919847804,False,20.84318343694879,20.529216613394034,0.1626121919847804
411,646,3,0,ZTF_r,1376199750815,0,1.4876,251.921,5.44822,26.2955,3.8792e-06,0.0224126,0.0844207,5.69176e-06,1062,30.0,0.063058,0.059276,20.7966,26.2955,3,2459130.6997569,646120208,155.801653059013,29.36459344077704,7.79893637732409,1.74608352597436,99.3086520055775,43.3626176416535,2.30561499577259,1.03251734033519,2.79891483157761,20.6769999504089,0.13400000333786,3.49900007247925,0.41100001335144,2458246.951863,2458316.956667,0,133.38104154357612,20.98276473898217,0.239023018036907,False,20.878515008363834,20.98276473898217,0.239023018036907
414,646,3,0,ZTF_r,1376265860815,0,1.7714,254.004,6.69122,26.2897,3.0815e-06,0.0199468,0.0913087,4.49902e-06,1061,30.0,0.054891,0.049827,20.5176,26.2897,2,2459130.7658681,646120208,234.145670708343,35.74177453630252,8.94611841613266,1.50709156838071,227.303928342053,54.3804695397317,4.20803342292136,1.04385979110134,2.79891483157761,20.6769999504089,0.13400000333786,3.49900007247925,0.41100001335144,2458246.951863,2458316.956667,0,211.72505919290612,20.475269342609362,0.183279413225753,False,20.65933471189535,20.475269342609362,0.183279413225753
417,646,3,0,ZTF_r,1377249240815,0,1.9164,244.578,5.77083,26.2604,2.883e-06,0.0192621,0.0886465,4.2028e-06,1057,30.0,0.057978,0.048983,20.5897,26.2604,1,2459131.7492477,646120208,160.056416351892,32.41632002745539,6.95774057235816,1.60475266516978,149.417214237807,46.8867064283044,3.20823447051929,1.04335722475908,2.79891483157761,20.6769999504089,0.13400000333786,3.49900007247925,0.41100001335144,2458246.951863,2458316.956667,0,137.63580483645512,20.91357143305396,0.25570670869856754,False,20.736065711065123,20.91357143305396,0.25570670869856754
418,646,3,0,ZTF_r,1377250190815,0,1.6835,244.432,5.75164,26.2587,2.5628e-06,0.0181743,0.0894931,3.7386e-06,1056,30.0,0.056991,0.050489,20.6728,26.2587,3,2459131.7501968,646120208,200.675504412167,32.18458293654884,9.0818274337591,1.714525440487,182.205665251866,45.8302193984776,4.00244278334432,1.04186916455311,2.79891483157761,20.6769999504089,0.13400000333786,3.49900007247925,0.41100001335144,2458246.951863,2458316.956667,0,178.2548928967301,20.631096351041066,0.19602716720070507,False,20.742155274903187,20.631096351041066,0.19602716720070507
425,646,3,0,ZTF_r,1380173700815,0,1.8247,247.959,6.76227,26.2735,2.7999e-06,0.0191888,0.0915333,4.13373e-06,1077,30.0,0.058045,0.048905,20.4806,26.2735,3,2459134.6737037,646120208,183.190852033444,37.09397054860574,7.51081352112873,1.86923298935715,198.879270805553,50.819286324613,3.93981790413217,1.04535641789565,2.79891483157761,20.6769999504089,0.13400000333786,3.49900007247925,0.41100001335144,2458246.951863,2458316.956667,0,160.7702405180071,20.75798584629056,0.2504998667344189,False,20.602816682122004,20.75798584629056,0.2504998667344189
426,646,3,0,ZTF_r,1380179980815,0,1.8869,248.701,6.48252,26.2789,2.5027e-06,0.0181655,0.0895427,3.67276e-06,1078,30.0,0.057007,0.046256,20.5011,26.2789,1,2459134.6799884,646120208,167.353695920708,34.67431637596853,5.98603878036849,1.24312456630194,135.866846505854,58.1245850515535,2.35325409055117,1.04168147952221,2.79891483157761,20.6769999504089,0.13400000333786,3.49900007247925,0.41100001335144,2458246.951863,2458316.956667,0,144.9330844052711,20.87598116305497,0.25974680276672485,False,20.681455220497533,20.87598116305497,0.25974680276672485
427,646,3,0,ZTF_r,1380180920815,0,1.7183,249.14,6.48809,26.28,2.742e-06,0.0190129,0.0886065,4.02222e-06,1079,30.0,0.057399,0.050286,20.5645,26.28,2,2459134.6809259,646120208,169.740073274752,34.60135303129497,6.75882164480302,1.53408619797508,179.252189317549,53.8250910882587,3.35270149064784,1.03971616066286,2.79891483157761,20.6769999504089,0.13400000333786,3.49900007247925,0.41100001335144,2458246.951863,2458316.956667,0,147.31946175931512,20.85934969133935,0.25500153569290096,False,20.684842285347358,20.85934969133935,0.25500153569290096
431,646,3,0,ZTF_r,1380301630815,0,2.3084,246.004,6.41819,26.2626,3.2143e-06,0.0203674,0.0947432,4.70456e-06,1064,30.0,0.069561,0.061888,20.3036,26.2626,2,2459134.8016319,646120208,171.635998358832,38.75930637363776,5.71557057440338,1.34630919814235,208.663574530356,56.9975263261849,3.68557987074872,1.05375392299195,2.79891483157761,20.6769999504089,0.13400000333786,3.49900007247925,0.41100001335144,2458246.951863,2458316.956667,0,149.21538684339512,20.828065977067414,0.2820150107845342,False,20.544234998089102,20.828065977067414,0.2820150107845342
436,646,3,0,ZTF_r,1381256110815,0,1.5183,249.094,6.18959,26.285,3.623e-06,0.021807,0.0834793,5.31058e-06,1078,30.0,0.061521,0.059324,20.6731,26.285,2,2459135.7561111,646120208,160.189451931154,33.42767315955979,7.58263244487676,2.02336796998643,141.00892350733,46.7125549458455,3.03898227970322,1.02987973290634,2.79891483157761,20.6769999504089,0.13400000333786,3.49900007247925,0.41100001335144,2458246.951863,2458316.956667,0,137.7688404157171,20.93712249245945,0.26342984843177725,False,20.72730962120032,20.93712249245945,0.26342984843177725
437,646,3,0,ZTF_r,1381257040815,0,1.5051,247.159,6.18778,26.2755,2.7974e-06,0.0191706,0.0862549,4.10201e-06,1080,30.0,0.061249,0.058229,20.6643,26.2755,3,2459135.7570486,646120208,228.12171753428,36.2047124558174,10.0231153783821,2.04499757244994,225.916114944821,49.1365823969869,4.62868319044884,1.03127151897568,2.79891483157761,20.6769999504089,0.13400000333786,3.49900007247925,0.41100001335144,2458246.951863,2458316.956667,0,205.70110601884312,20.49240843293396,0.19109015539119278,False,20.631162232691807,20.49240843293396,0.19109015539119278
439,646,3,0,ZTF_r,1382156180815,0,1.7813,251.613,6.20762,26.2892,3.7007e-06,0.0217366,0.0892389,5.37879e-06,1045,30.0,0.059162,0.059648,20.5838,26.2892,2,2459136.6561806,646120208,154.258537163778,31.45968861813259,5.82650336240071,1.14108191656082,202.74782169982,56.5627777192957,3.60861591623027,1.03523047561796,2.79891483157761,20.6769999504089,0.13400000333786,3.49900007247925,0.41100001335144,2458246.951863,2458316.956667,0,131.8379256483411,20.98909909706958,0.25907403931560824,False,20.79738893979398,20.98909909706958,0.25907403931560824
441,646,3,0,ZTF_r,1382182710815,0,1.5982,252.037,6.11084,26.2926,2.996e-06,0.0196196,0.0892355,4.34598e-06,1051,30.0,0.059373,0.056777,20.6499,26.2926,1,2459136.6827199,646120208,163.839158085985,40.311675927687176,6.76936250194458,2.24187933243359,142.496440407932,51.5224815517343,2.78434108397037,1.03679885025506,2.79891483157761,20.6769999504089,0.13400000333786,3.49900007247925,0.41100001335144,2458246.951863,2458316.956667,0,141.4185465705481,20.916334076329193,0.3094812357787644,False,20.53159785417074,20.916334076329193,0.3094812357787644
447,646,3,0,ZTF_r,1383190930815,0,1.6705,244.929,6.35506,26.2596,2.831e-06,0.0190247,0.0904205,4.10723e-06,1044,30.0,0.056307,0.052867,20.579,26.2596,3,2459137.6909375,646120208,151.92678547152,34.35284502674267,6.24167137052859,1.60971473004054,137.796702351716,54.0434404220259,2.56691228365315,1.02820580763006,2.79891483157761,20.6769999504089,0.13400000333786,3.49900007247925,0.41100001335144,2458246.951863,2458316.956667,0,129.5061739560831,20.978873817351722,0.28799309489431973,False,20.672268213673227,20.978873817351722,0.28799309489431973
454,646,3,0,ZTF_r,1384143350815,0,1.7135,229.89,6.01287,26.1921,3.1745e-06,0.0201598,0.0893226,4.6072e-06,1048,30.0,0.060681,0.059148,20.5477,26.1921,2,2459138.6433565,646120208,135.328177593623,33.80434315400427,6.2020911111933,1.93970291359018,128.084172828582,46.3965386218019,2.77923377329922,1.03292817842009,2.79891483157761,20.6769999504089,0.13400000333786,3.49900007247925,0.41100001335144,2458246.951863,2458316.956667,0,112.9075660781861,21.060292386199382,0.3250568286706979,False,20.622243735015836,21.060292386199382,0.3250568286706979
459,646,3,0,ZTF_r,1384286090815,0,2.3297,239.098,6.80267,26.2301,3.5663e-06,0.0213599,0.094036,5.12883e-06,1049,30.0,0.065972,0.054971,20.1869,26.2301,2,2459138.7860995,646120208,162.320489280944,38.774967130988415,5.32167008573768,1.30599791206984,179.957416243356,56.6261249406287,3.19939674462169,1.05883797480962,2.79891483157761,20.6769999504089,0.13400000333786,3.49900007247925,0.41100001335144,2458246.951863,2458316.956667,0,139.8998777655071,20.865556662408547,0.300915072168087,False,20.51129639330925,20.865556662408547,0.300915072168087
460,646,3,0,ZTF_r,1384287030815,0,2.5186,238.655,6.81749,26.2243,3.4433e-06,0.0210136,0.0992099,4.95374e-06,1051,30.0,0.065646,0.055057,20.1259,26.2243,3,2459138.787037,646120208,143.721447685402,39.06841925233028,4.54936893154691,1.23595092116526,189.273824045344,57.3483834425535,3.32264978891717,1.06160987107036,2.79891483157761,20.6769999504089,0.13400000333786,3.49900007247925,0.41100001335144,2458246.951863,2458316.956667,0,121.30083616996511,21.01464051344053,0.34968087707838585,False,20.497310390191828,21.01464051344053,0.34968087707838585
461,646,3,0,ZTF_r,1384288020815,0,2.1224,239.243,6.87104,26.2291,3.169e-06,0.0201436,0.0951179,4.57283e-06,1051,30.0,0.061515,0.050398,20.2603,26.2291,1,2459138.7880208,646120208,150.472408185062,38.63293935510849,5.1327594574007,1.4034404290895,174.00144385291,58.1568908194592,3.01208250854092,1.04583704563927,2.79891483157761,20.6769999504089,0.13400000333786,3.49900007247925,0.41100001335144,2458246.951863,2458316.956667,0,128.0517966696251,20.960635809130423,0.327553250705702,False,20.514280608317684,20.960635809130423,0.327553250705702
466,646,3,0,ZTF_r,1385232380815,0,1.6515,239.229,6.20939,26.2332,3.8196e-06,0.0221754,0.0928604,5.53274e-06,1046,30.0,0.063503,0.054798,20.5936,26.2332,2,2459139.7323843,646120208,139.104843908191,30.543223216135928,6.49685207590091,1.6445291679949,91.3522666368642,47.4055287509784,1.94001695227816,1.02920545077637,2.79891483157761,20.6769999504089,0.13400000333786,3.49900007247925,0.41100001335144,2458246.951863,2458316.956667,0,116.68423239275408,21.06566956613061,0.2841924462779259,False,20.77348782393412,21.06566956613061,0.2841924462779259
467,646,3,0,ZTF_r,1385256290815,0,1.3443,233.793,6.41271,26.2204,4.2895e-06,0.0234716,0.088387,6.18498e-06,1048,30.0,0.072847,0.081459,20.5997,26.2204,3,2459139.7562963,646120208,140.107478524792,38.30290952938303,6.23280836493325,2.34638266297793,89.568038748732,50.9101833908718,1.77118365397916,1.02681576767589,2.79891483157761,20.6769999504089,0.13400000333786,3.49900007247925,0.41100001335144,2458246.951863,2458316.956667,0,117.68686700935508,21.04357999632377,0.3533569202139222,False,20.514895577439255,21.04357999632377,0.3533569202139222
469,646,3,0,ZTF_r,1386140940815,0,1.3958,245.879,7.37304,26.2511,3.6869e-06,0.021621,0.0903734,5.29529e-06,1038,30.0,0.06438,0.075604,20.8272,26.2511,2,2459140.6409491,646120208,147.32154845985,23.146109484625537,8.93237025529569,1.59164895116842,173.451035870923,34.3380357748486,5.08530073537011,1.03565980188103,2.79891483157761,20.6769999504089,0.13400000333786,3.49900007247925,0.41100001335144,2458246.951863,2458316.956667,0,124.90093694441309,21.00968575938367,0.20119729829282132,False,21.092479981482548,21.00968575938367,0.20119729829282132
471,646,3,0,ZTF_r,1386225840815,0,1.4268,246.285,7.26416,26.2559,3.334e-06,0.0206273,0.086934,4.81227e-06,1042,30.0,0.060224,0.069108,20.8526,26.2559,2,2459140.7258449,646120208,139.373549578109,28.645738485528685,8.129676880217,2.2562971299521,74.9789346690883,35.8957474025896,2.10286531330297,1.03583736301617,2.79891483157761,20.6769999504089,0.13400000333786,3.49900007247925,0.41100001335144,2458246.951863,2458316.956667,0,116.95293806267209,21.085872158699097,0.26592472826182817,False,20.86582493211672,21.085872158699097,0.26592472826182817
473,646,3,0,ZTF_r,1386227740815,0,1.4471,248.465,7.22416,26.2516,3.4974e-06,0.0211319,0.0883002,5.02273e-06,1043,30.0,0.05976,0.067254,20.8421,26.2516,1,2459140.7277431,646120208,138.130025728136,26.3666887074623,7.8958944763718,1.8358114206967,110.718411870134,36.6101721977471,3.0446212091598,1.03496762167199,2.79891483157761,20.6769999504089,0.13400000333786,3.49900007247925,0.41100001335144,2458246.951863,2458316.956667,0,115.70941421269909,21.0931782626401,0.24739831347750518,False,20.951536009611385,21.0931782626401,0.24739831347750518
476,646,3,0,ZTF_r,1387175990815,0,1.4962,248.433,6.20231,26.2667,3.0054e-06,0.0196951,0.0903754,4.39839e-06,1064,30.0,0.05988,0.064488,20.6421,26.2667,3,2459141.6759954,646120208,161.217947753977,38.957084593456464,7.14846798517066,2.41136232227284,159.966263501879,48.9593183528479,3.28933594070026,1.03264968379005,2.79891483157761,20.6769999504089,0.13400000333786,3.49900007247925,0.41100001335144,2458246.951863,2458316.956667,0,138.7973362385401,20.91074717166264,0.30472996016598886,False,20.542808868152623,20.91074717166264,0.30472996016598886
477,646,3,0,ZTF_r,1387176920815,0,1.5668,247.332,6.19212,26.2871,3.8513e-06,0.02233,0.0842602,5.6372e-06,1063,30.0,0.056631,0.060302,20.6611,26.2871,2,2459141.6769213,646120208,189.325099296369,33.69214760657766,8.39957599438708,1.80570220347191,186.553494458425,49.1329241261678,3.82248657732372,1.03311615217119,2.79891483157761,20.6769999504089,0.13400000333786,3.49900007247925,0.41100001335144,2458246.951863,2458316.956667,0,166.9044877809321,20.730929964289125,0.21916465604252242,False,20.720853252449253,20.730929964289125,0.21916465604252242
497,646,3,0,ZTF_r,1391162370815,0,1.6674,251.602,7.00019,26.302,3.4773e-06,0.0211594,0.0883061,5.06111e-06,1061,30.0,0.054053,0.051256,20.5079,26.302,2,2459145.6623727,646120208,139.218512210875,35.153088550911626,5.40642621532271,1.50606584012847,155.760107693884,57.0127674329284,2.75042184481434,1.03083113223013,2.79891483157761,20.6769999504089,0.13400000333786,3.49900007247925,0.41100001335144,2458246.951863,2458316.956667,0,116.79790069543809,21.133412407711884,0.3267670738299104,False,20.689666268779508,21.133412407711884,0.3267670738299104
503,646,3,0,ZTF_r,1391348960815,0,1.8686,241.488,6.26971,26.2442,2.9882e-06,0.0196244,0.0901137,4.34008e-06,1054,30.0,0.056801,0.052381,20.456,26.2442,2,2459145.8489699,646120208,155.663145507859,34.81650012334194,6.11722570753531,1.51285751874352,166.3522746909,52.4600347708541,3.19238573827731,1.04022246928603,2.79891483157761,20.6769999504089,0.13400000333786,3.49900007247925,0.41100001335144,2458246.951863,2458316.956667,0,133.24253399242212,20.93259279133947,0.2836952514432227,False,20.642312208731234,20.93259279133947,0.2836952514432227
622,646,3,0,ZTF_r,1417205010815,0,1.5558,100.163,4.57572,25.2904,5.9571e-06,0.0275656,0.0876041,8.68043e-06,1038,30.0,0.068881,0.057768,20.0099,25.2904,2,2459171.7050116,646120208,982.094808264382,123.11386485060899,28.5465990624324,10.3491873368246,2597.47889884091,73.9088445254756,35.3810573749256,1.04068419483811,2.79891483157761,20.6769999504089,0.13400000333786,3.49900007247925,0.41100001335144,2458246.951863,2458316.956667,0,959.6741967489451,17.83509045534288,0.13928135561122465,False,18.317207576388157,17.83509045534288,0.13928135561122465
698,646,3,0,ZTF_r,1432110840815,0,3.3655,256.074,7.67466,26.3056,5.1279e-06,0.0257989,0.0947441,7.45314e-06,1066,30.0,0.071929,0.06864,19.8724,26.3056,1,2459186.6108449,646120208,234.321427078381,55.34316628536861,4.80911329025084,1.04261606217566,309.421224244855,74.0679547621705,4.20566755208643,1.1531370697116,2.79891483157761,20.6769999504089,0.13400000333786,3.49900007247925,0.41100001335144,2458246.951863,2458316.956667,0,211.9008155629441,20.490268429438153,0.28355754779139314,False,20.20051498338511,20.490268429438153,0.28355754779139314
