mjd,m,em,f,ef,band,det,zp,f_counts,ef_counts
58900.44,20.207196863200842,nan,-0.5,6.0,o,False,23.9,-0.5,6.0
58901.47,20.162874945799764,nan,-7.5,6.25,o,False,23.9,-7.5,6.25
58902.6,20.5488897128997,nan,-1.75,4.38,c,False,23.9,-1.75,4.38
58904.62,20.253405377435875,nan,5.5,5.75,o,False,23.9,5.5,5.75
58906.58,19.45462187404089,nan,6.0,12.0,o,False,23.9,6.0,12.0
58912.64,20.362566630072955,nan,7.67,5.2,o,False,23.9,7.67,5.2
58913.47,20.14564067593001,nan,-12.67,6.35,o,False,23.9,-12.67,6.35
58917.43,19.032028586184765,nan,-11.33,17.71,o,False,23.9,-11.33,17.71
58924.63,19.591360819912033,nan,-12.33,10.58,o,False,23.9,-12.33,10.58
58931.47,20.285989491816004,nan,-5.33,5.58,c,False,23.9,-5.33,5.58
58936.54,17.78210492164445,nan,52.0,56.0,o,False,23.9,52.0,56.0
58942.52,19.432234767408573,nan,8.0,12.25,o,False,23.9,8.0,12.25
58950.52,17.339939688380348,nan,138.5,84.15,o,False,23.9,138.5,84.15
58951.43,19.82902767487422,nan,-8.5,8.5,o,False,23.9,-8.5,8.5
58952.52,20.050741902630435,nan,-2.67,6.93,o,False,23.9,-2.67,6.93
58953.48,20.185696433796046,nan,-5.25,6.12,o,False,23.9,-5.25,6.12
58956.46,20.323603076193105,nan,1.0,5.39,o,False,23.9,1.0,5.39
58957.49,20.325619299993978,nan,8.75,5.38,o,False,23.9,8.75,5.38
58958.48,20.615331949077117,nan,-0.5,4.12,c,False,23.9,-0.5,4.12
58959.47,20.323603076193105,nan,-7.67,5.39,c,False,23.9,-7.67,5.39
58960.5,19.877348625174783,nan,0.5,8.13,o,False,23.9,0.5,8.13
58962.5,18.615141619232908,nan,-55.0,26.0,c,False,23.9,-55.0,26.0
58964.4,19.443818439584284,nan,16.5,12.12,o,False,23.9,16.5,12.12
58966.48,20.379400086720374,nan,11.5,5.12,c,False,23.9,11.5,5.12
58968.49,20.376435328321392,0.24403930658356057,25.67,5.77,o,True,23.9,25.67,5.77
58969.45,20.20106172456253,0.17129373549883992,30.17,4.76,o,True,23.9,30.17,4.76
58971.47,20.001729972732466,0.21714000000000003,36.25,7.25,o,True,23.9,36.25,7.25
58971.63,17.949471895720983,nan,-29.0,48.0,c,False,23.9,-29.0,48.0
58972.37,19.62576532568052,nan,28.5,10.25,o,False,23.9,28.5,10.25
58973.39,19.702566560200587,0.21873160209424083,47.75,9.62,o,True,23.9,47.75,9.62
58977.47,18.66207662142061,0.12644698795180723,124.5,14.5,o,True,23.9,124.5,14.5
58978.53,18.50598036659583,nan,83.5,28.75,o,False,23.9,83.5,28.75
58980.42,18.85741665175305,0.1357125,104.0,13.0,o,True,23.9,104.0,13.0
58981.43,19.13214367249215,0.09747770897832818,80.75,7.25,o,True,23.9,80.75,7.25
58982.45,19.02044241171022,0.08637077094972069,89.5,7.12,o,True,23.9,89.5,7.12
58983.39,19.02957909568217,0.06263418591549297,88.75,5.12,c,True,23.9,88.75,5.12
58984.45,18.935872565772627,0.06306598449612404,96.75,5.62,o,True,23.9,96.75,5.62
58986.44,19.149082178358825,0.06486886792452831,79.5,4.75,c,True,23.9,79.5,4.75
58988.42,19.044979867444216,0.05732496000000001,87.5,4.62,o,True,23.9,87.5,4.62
58990.39,19.482110334794548,0.07646297435897438,58.5,4.12,c,True,23.9,58.5,4.12
58992.4,19.468279113294646,0.0985833924050633,59.25,5.38,o,True,23.9,59.25,5.38
58994.4,20.198186552528778,0.1615090909090909,30.25,4.5,c,True,23.9,30.25,4.5
58995.43,20.07130270739436,0.14369558823529413,34.0,4.5,c,True,23.9,34.0,4.5
58999.4,19.760953541146943,0.14683942541436468,45.25,6.12,o,True,23.9,45.25,6.12
59000.38,19.725545961978657,0.15675882352941178,46.75,6.75,o,True,23.9,46.75,6.75
59006.38,19.950541008457975,0.33542415789473684,38.0,11.74,o,True,23.9,38.0,11.74
59007.36,20.055452262316813,0.2555328695652174,34.5,8.12,o,True,23.9,34.5,8.12
59008.39,19.725545961978657,0.25267200000000006,46.75,10.88,o,True,23.9,46.75,10.88
59010.41,19.854879758219766,0.2589983132530121,41.5,9.9,o,True,23.9,41.5,9.9
59013.36,19.901657167518778,0.12290943396226416,39.75,4.5,o,True,23.9,39.75,4.5
59016.37,19.344579801579954,nan,29.0,13.28,o,False,23.9,29.0,13.28
59020.35,20.376435328321392,0.21147253603428126,25.67,5.0,o,True,23.9,25.67,5.0
59022.34,20.507546497517172,0.19661907692307695,22.75,4.12,c,True,23.9,22.75,4.12
59025.33,20.83996297156784,0.3078850746268657,16.75,4.75,o,True,23.9,16.75,4.75
59026.38,20.872866586712767,0.29263790769230774,16.25,4.38,c,True,23.9,16.25,4.38
59032.36,19.76696871556164,nan,15.25,9.0,o,False,23.9,15.25,9.0
59034.37,19.816328861051034,0.34489911627906983,43.0,13.66,o,True,23.9,43.0,13.66
59036.33,19.702566560200587,nan,26.0,9.55,o,False,23.9,26.0,9.55
59038.31,20.889700043360186,0.31349587500000003,16.0,4.62,o,True,23.9,16.0,4.62
59040.35,20.674913471593705,0.25722738461538464,19.5,4.62,o,True,23.9,19.5,4.62
59044.33,20.661082250093802,0.2748607594936709,19.75,5.0,o,True,23.9,19.75,5.0
59048.3,20.253405377435875,nan,11.5,5.75,o,False,23.9,11.5,5.75
59050.3,20.674913471593705,0.2850658461538462,19.5,5.12,c,True,23.9,19.5,5.12
59052.29,20.323603076193105,nan,16.0,5.39,o,False,23.9,16.0,5.39
59054.29,20.229131673969604,nan,10.25,5.88,c,False,23.9,10.25,5.88
59058.27,19.929320732894176,nan,8.5,7.75,o,False,23.9,8.5,7.75
59060.26,19.36105562918933,nan,27.0,13.08,o,False,23.9,27.0,13.08
59062.27,19.760953541146943,nan,16.0,9.05,o,False,23.9,16.0,9.05
59064.3,18.796518287104437,nan,13.0,22.0,o,False,23.9,13.0,22.0
59068.26,20.405149978319905,nan,5.0,5.0,o,False,23.9,5.0,5.0
59070.26,19.86144011778514,nan,1.25,8.25,c,False,23.9,1.25,8.25
59074.31,20.379400086720374,nan,5.25,5.12,c,False,23.9,5.25,5.12
59076.27,19.884046587223487,nan,2.33,8.08,o,False,23.9,2.33,8.08
59078.25,19.911259445436063,nan,3.5,7.88,c,False,23.9,3.5,7.88
59080.25,20.253405377435875,nan,9.25,5.75,o,False,23.9,9.25,5.75
59089.25,20.001729972732466,nan,-0.75,7.25,o,False,23.9,-0.75,7.25
59090.26,19.79755485660417,nan,4.25,8.75,o,False,23.9,4.25,8.75
59097.24,20.140523292357045,nan,3.75,6.38,o,False,23.9,3.75,6.38
59098.25,19.78521681241539,nan,15.33,8.85,o,False,23.9,15.33,8.85
58900.501574099995,19.80076517874096,nan,8.678802800926702,8.724166072270943,ztfr,False,25.2847,31.0698974971831,31.2322968768132
58903.52322919993,20.79617373572077,nan,-1.3425424703587046,3.48787170140096,ztfg,False,26.1954,-11.1195710246728,28.888201278513
58904.43870369997,nan,nan,nan,nan,ztfg,False,26.3031,nan,nan
58904.44416669989,20.450098050853157,nan,-4.372608173027928,4.797232589165079,ztfg,False,26.0899,-32.8624972069505,36.0537775909066
58904.50638889987,nan,nan,nan,nan,ztfr,False,26.1896,nan,nan
58904.512581000105,20.54387078650899,nan,-1.8285380443790027,4.400293866013676,ztfr,False,26.0273,-12.9725095969825,31.2177559454563
58908.48472219985,nan,nan,nan,nan,ztfr,False,26.1732,nan,nan
58908.485173599795,20.570873180362174,nan,-7.302337497718171,4.2922076426747156,ztfr,False,26.0069,-50.8419151136368,29.8841373309795
58908.5224768999,17.461478817840792,nan,-66.56160065383244,75.23821240307049,ztfr,False,23.3371,-39.6336214663905,44.8000468873864
58908.526435200125,nan,nan,nan,nan,ztfg,False,25.392,nan,nan
58908.52688660007,20.43707558553686,nan,-5.940218501047765,4.8551176855863645,ztfg,False,25.683,-30.6903909034102,25.0841715042003
58908.52781250002,18.871030598692922,nan,-10.05802820832765,20.5408190220164,ztfg,False,24.2477,-13.8545635567894,28.2942219642425
58911.43168980023,20.680211161062328,nan,1.5743041481028472,3.8810168762924495,ztfg,False,26.0845,11.7730405472739,29.0232158152583
58911.43576390017,nan,nan,nan,nan,ztfg,False,26.2971,nan,nan
58911.4782292,20.323642714086233,nan,4.858182386293819,5.389803226287259,ztfr,False,26.0228,34.3236776849934,38.0796466692045
58911.479131899774,20.33552310502819,nan,-3.4777740984589327,5.331148176131603,ztfr,False,26.0036,-24.1402280573965,37.005029405624
58911.479583300184,nan,nan,nan,nan,ztfr,False,26.201,nan,nan
58911.52494210005,20.611410790401266,nan,-2.8067190059935734,4.134906366017472,ztfg,False,26.1234,-21.7549923805525,32.0498262543971
58913.48122690013,20.484508963047844,nan,2.5973966477921424,4.647575037880169,ztfr,False,25.7295,14.006778978117,25.0626165992537
58914.478703700006,20.04834027235556,nan,-2.59185497724417,6.945346010070813,ztfg,False,25.7129,-13.764825106166,36.8853481270323
58914.50486110011,20.67300042433474,nan,1.8825709368520915,3.9068777858839163,ztfr,False,26.0275,13.3583048340425,27.7223361901325
58914.50578700006,20.839694473552292,nan,3.5035720320724493,3.350828543411094,ztfr,False,26.0179,24.6417218384245,23.5674289379879
58915.50759259984,nan,nan,nan,nan,ztfr,False,26.1676,nan,nan
58936.43745370023,20.826018881765194,nan,5.340328727253049,3.3933014521278966,ztfr,False,26.0038,37.075583191387,23.5582183620624
58936.4574190001,20.80475105541889,nan,-0.19061172360255052,3.460426056221555,ztfr,False,26.0013,-1.32029083469312,23.9689811298755
58936.46327550011,20.97675284959857,nan,-2.68507680570879,2.9534447832429342,ztfg,False,26.1078,-20.5152452472248,22.5657023752701
58936.46418979997,20.99651797771612,nan,4.808388644798026,2.900165651246972,ztfg,False,26.0721,35.5499965466191,21.4418772072414
58939.403402800206,18.97696563849253,nan,-20.60106255547844,18.631324941810316,ztfr,False,24.6073,-39.519334348848,35.7407564660605
58939.40587959997,18.098749240308273,nan,-100.6278912381539,41.834087413438944,ztfr,False,23.9791,-108.232669868185,44.9956261285417
58939.41557870014,17.788795822674967,nan,16.011651806704805,55.655958509869066,ztfr,False,23.6898,13.1933820035904,45.8597482796372
58939.436701400205,nan,nan,nan,nan,ztfr,False,24.7691,nan,nan
58939.45686340006,19.263247210519943,nan,-8.244405763781545,14.313014506890594,ztfg,False,24.7309,-17.7222703863311,30.7674222257404
58939.45777780004,19.29137609312513,nan,9.638740262025097,13.9469600985794,ztfg,False,24.7189,20.4918079673826,29.6510145827698
58939.45822919998,nan,nan,nan,nan,ztfg,False,24.9615,nan,nan
58940.378692099825,20.43571007585519,nan,-1.7783453659586392,4.861227715770951,ztfg,False,25.7212,-9.51691318398171,26.0151278959353
58940.41612270009,18.525077485506902,nan,47.049039712960635,28.24873479901194,ztfr,False,24.3471,71.0216509794246,42.6421409607024
58941.40193289984,20.42459581798512,nan,3.3359725345633136,4.911245777947633,ztfr,False,26.0012,23.1048134522641,34.0150934523667
58941.479004600085,20.833744918678903,nan,-1.5628029036452669,3.3692406217920947,ztfg,False,26.0722,-11.5553794036488,24.9121969227096
58943.4088773001,nan,nan,nan,nan,ztfg,False,26.2665,nan,nan
58943.40932870004,20.244837641861967,nan,-0.047450100031356364,5.79555376248257,ztfg,False,26.089,-0.356317483360861,43.5206064890424
58943.420844899956,20.357103043666584,nan,-2.5131032106027416,5.226233124174274,ztfg,False,26.1056,-19.1624186867253,39.8500415173321
58944.39555560006,19.876503906710884,nan,-4.035683548007584,8.136327718745381,ztfr,False,25.9943,-27.7739151480881,55.9948947902609
58954.31653939979,20.140196604552735,nan,-1.2070425624729524,6.38191997078311,ztfi,False,25.3012,-4.38735305916016,23.1969749681118
58954.333483799826,20.238068095646234,nan,-11.079770020934381,5.831801824246232,ztfi,False,25.3024,-40.3172355488607,21.2208491131283
58954.347326400224,20.280795917502687,nan,-7.160690820645478,5.60675564087687,ztfi,False,25.3167,-26.4018842350878,20.6724346955554
58954.37259260006,20.307157193162617,nan,2.2172015424876323,5.472264975120614,ztfi,False,25.3193,8.19455118077632,20.2249342489106
58954.378043999895,20.677110024072427,nan,-3.1285239883467,3.8921178874079825,ztfg,False,26.0981,-23.6907870683942,29.4731114286257
58954.44120369991,20.26920777273225,nan,4.472685023705789,5.666917453291611,ztfr,False,25.9962,30.8353097411669,39.068513437392
58954.4574190001,20.049666166841625,nan,-7.118138845618168,6.936869572273629,ztfr,False,25.9862,-48.6235266667899,47.3852884787608
58954.478784699924,20.262964328319196,nan,4.549454900892451,5.6995985109587295,ztfr,False,26.1622,36.545959128819,45.7851102538272
58955.332638899796,20.939564815296592,nan,-0.3539722041947556,3.0563569197461966,ztfg,False,26.1041,-2.69531271594983,23.272555225101
58955.37300929986,20.020098926835725,nan,-6.033114341747619,7.128373137337815,ztfi,False,25.3125,-22.1585611460506,26.1812528469019
58955.393912000116,nan,nan,nan,nan,ztfi,False,25.4762,nan,nan
58956.356307900045,19.974661818643693,nan,-6.7810184163974725,7.433019432587792,ztfr,False,25.3542,-25.8806347624122,28.3690810589064
58961.40271990001,20.375790301435103,0.27685143210413965,25.68525486532594,6.549691068826847,ztfr,True,25.9793,174.342744928514,44.457067892075
58961.40596059989,20.51151394575039,0.2622338846953589,22.6670196806568,5.474864718913868,ztfr,True,25.9598,151.117382195055,36.5000443750599
58962.332615700085,nan,nan,nan,nan,ztfr,False,26.1533,nan,nan
58962.33622690011,nan,nan,nan,nan,ztfg,False,26.2881,nan,nan
58963.32819439983,21.05143067044707,0.2267388893359419,13.78566535403998,2.8790148762383705,ztfg,True,26.105,105.057662055484,21.9403680673217
58963.32954860013,21.38588954495625,0.33399505074306973,10.130810271429116,3.1165519855156854,ztfg,True,26.1041,77.1408077353849,23.7309090853286
58963.334143499844,21.05324727706719,nan,4.239901714044734,2.752523812688777,ztfg,False,26.0856,31.7391863531871,20.6049272187427
58963.354328699876,20.965129099848273,nan,8.267504255527347,2.9852338377662053,ztfg,False,26.1091,63.243286025355,22.835911735781
58964.2759606,20.571028245581708,nan,11.21995486472547,4.291594671871023,ztfr,False,25.9767,75.9750701690349,29.0602065929465
58964.286631899886,20.81909073044558,0.23893292990161097,17.075117772152336,3.7577672632545136,ztfr,True,25.9819,116.177949703032,25.5675950193492
58964.339502300136,20.958681574467953,nan,4.015881511348109,3.0030140622297594,ztfg,False,26.1459,31.7790485477809,23.7638808325378
58964.34043980017,20.880380280279642,nan,2.199854428072895,3.227586450012591,ztfg,False,26.1003,16.692213966669,24.4905130685068
58965.32805560017,20.819799478158437,0.22556321933034962,17.063975100927237,3.5451829771926637,ztfr,True,26.0007,118.130001298314,24.5424918415272
58965.35204860009,nan,nan,nan,nan,ztfr,False,26.1547,nan,nan
58965.37151619978,20.300164355615472,nan,4.95126797851993,5.507623615390263,ztfi,False,25.316,18.2438474603106,20.2938410007088
58965.37196760019,20.62727711489063,0.316221822702469,20.374602943497006,5.934322630221712,ztfi,True,25.3146,74.977188993507,21.8379141241911
58965.40039349999,nan,nan,nan,nan,ztfg,False,26.2585,nan,nan
58967.27357639978,20.820018358971968,nan,4.141380217297422,3.4121070813874805,ztfg,False,26.0668,30.4694843574859,25.1039841519908
58967.27402780019,20.88296868342733,0.21197054297868131,16.099505123618698,3.143244766272006,ztfg,True,26.0952,121.588507249032,23.7387693668091
58967.329421299975,nan,nan,nan,nan,ztfi,False,25.4702,nan,nan
58967.33738429984,20.3779034557407,0.16503399509176983,25.635312603382726,3.8967468493715116,ztfr,True,25.9881,175.419802496142,26.6650371411509
58967.353379600216,20.101824297566154,0.1359265169277043,33.05752088407239,4.138706523014465,ztfr,True,26.0002,228.74430007059,28.6381283740084
58969.283726899885,20.397229828993325,0.2318546264288605,25.183034961129863,5.377915780839733,ztfi,True,25.3472,95.4966349375701,20.3936046961993
58969.28420139989,20.175087571825074,nan,17.701590964676342,6.180092379490099,ztfi,False,25.3144,65.1286837493089,22.7381416127239
58969.309930600226,18.816249504255843,nan,33.09482549187983,21.603802281872102,ztfr,False,24.5437,59.8742512453447,39.0850069898975
58969.33872690005,nan,nan,nan,nan,ztfr,False,25.2711,nan,nan
58969.38135420019,nan,nan,nan,nan,ztfg,False,24.5699,nan,nan
58970.293599499855,20.200663570159463,0.1473249485908889,30.18106578292072,4.095444381400968,ztfg,True,26.1296,235.274344411646,31.9257444001113
58970.29406249989,20.226857878016908,0.1484742945823761,29.46163527501168,4.029009408400669,ztfg,True,26.1743,239.318817783042,32.7279107033484
58970.35940970015,19.894213066430204,0.09703678721859285,40.02347318329878,3.577184536277812,ztfr,True,26.0647,293.896743158162,26.2676574837211
58970.3603356001,19.689141881573875,0.08811620417790503,48.344074151105126,3.9236403322193607,ztfr,True,26.0435,348.131440696507,28.2546017400402
58972.27350689983,nan,nan,nan,nan,ztfg,False,26.2899,nan,nan
58972.35813659988,nan,nan,nan,nan,ztfr,False,26.1664,nan,nan
58973.25143520022,19.81649478681253,0.19803306371702192,42.993429101324615,7.8420562629049275,ztfg,True,26.0913,323.53560772492,59.0133071928843
58973.25190970022,19.598786551467978,0.14947858800322095,52.53943273355523,7.233600644286674,ztfg,True,26.135,411.609490175886,56.6701716866695
58973.29399310006,19.254629840584563,0.11105107890603022,72.13533678510775,7.378379826136192,ztfr,True,26.0252,510.773155048405,52.2445518507529
58973.315266199876,19.350664150995243,0.1186175561780036,66.02894216628935,7.213955749087203,ztfr,True,26.0561,481.032411387927,52.5549314555107
58973.38968749996,19.429384974601753,0.1877625567947853,61.41097748656676,10.620504879934392,ztfi,True,25.3438,232.148568576537,40.1481153101042
58973.40893519996,19.68969052458681,0.2399261812597931,48.319651148478776,10.67804124515049,ztfi,True,25.3653,186.313270824584,41.1729129473741
58976.20493059978,19.07019101509865,0.19344302697798965,85.49162930265769,15.232347382873996,ztfg,True,26.0949,645.481194415964,115.007678092652
58976.20540509978,19.343372854103297,0.29069031584502925,66.4738539184209,17.798015649794696,ztfg,True,26.0708,490.874936794898,131.429115241151
58976.29370369995,18.97600929794685,0.1629787736551582,93.23871527987818,13.996436836600353,ztfr,True,26.0351,666.24855608866,100.013238114442
58976.31383100012,19.221051252498235,0.26659208145647434,74.4011244092418,18.26908963706537,ztfr,True,26.0009,515.156873748816,126.496033203746
58977.263680600096,nan,nan,nan,nan,ztfr,False,24.742,nan,nan
58977.2859259001,17.838210183835045,nan,46.24020334614018,53.17970478677183,ztfi,False,24.8692,112.901506059342,129.845206719207
58977.28638890013,17.85832861274909,nan,136.00985522768494,52.20337128395451,ztfi,False,24.8149,315.885999888893,121.243523919629
58977.354849500116,nan,nan,nan,nan,ztfg,False,26.0108,nan,nan
58979.2487269002,19.022100081485057,0.06192303429671897,89.36345831990094,5.096855940330332,ztfg,True,25.9749,604.115484267573,34.455801650069
58979.268912000116,19.08117059360589,0.07550546966904202,84.63144625914619,5.8857300346017505,ztfg,True,26.093,637.869391143864,44.3608989277179
58979.297557900194,18.991064877178992,0.08480414884269238,91.954724830782,7.182593876152213,ztfr,True,25.9829,626.230259779406,48.914915870066
58979.2980324002,18.79354508535434,0.0614495908392986,110.30163901990873,6.242968210995122,ztfr,True,26.0089,769.381901256266,43.5462862958084
58980.31277780002,nan,nan,nan,nan,ztfr,False,26.1658,nan,nan
58980.401435200125,nan,nan,nan,nan,ztfg,False,26.2341,nan,nan
58981.33509259997,19.232338733263802,0.15590163954955058,73.63164560414882,10.573173318981539,ztfi,True,25.3459,278.884582980154,40.0465724709392
58981.3364467998,19.17184902300563,0.14598452312190574,77.8503179821649,10.467847053067205,ztfi,True,25.3199,287.88589745444,38.7094827792284
58985.27192129986,nan,nan,nan,nan,ztfr,False,26.1633,nan,nan
58985.27239579987,18.836061094219836,0.04004369856545611,106.06584648570781,3.9120095650397215,ztfr,True,26.024,750.197413219397,27.6694105918232
58985.29137729993,18.92277487098124,0.041748134298728964,97.9242043694318,3.765453472516552,ztfr,True,26.0119,684.936092150516,26.3376659861346
58985.29399310006,19.426424795609023,0.057991970350984294,61.578638401878415,3.2891835428347753,ztfg,True,26.1263,478.575081261047,25.5627815448195
58985.31616900023,19.00592609644058,0.06986858832538542,90.70465199692626,5.837161268831712,ztfi,True,25.3128,333.234195804501,21.4447847864102
58987.28990740003,19.144858664604932,0.07914724275535726,79.80985727560719,5.818117480024773,ztfi,True,25.3378,300.038188113566,21.8727045321009
58991.23016199982,nan,nan,nan,nan,ztfr,False,26.1784,nan,nan
58991.271006899886,19.120140149706025,0.05466177388418498,81.64769715453119,4.110719314751218,ztfr,True,26.0358,583.799797644284,29.3925877613197
58991.29461809993,nan,nan,nan,nan,ztfg,False,26.3004,nan,nan
58991.295080999844,19.887306246344554,0.0825606139664118,40.27889070877082,3.0629547267220394,ztfg,True,26.1574,322.134694357403,24.4963048227223
58991.29601849988,20.013407365451958,0.10564791861644258,35.8622103696243,3.489700545763849,ztfg,True,26.1107,274.736938115598,26.7342596287808
58994.25148149999,20.20284470538022,0.1081431879746666,30.12049590634397,3.0002085757483017,ztfg,True,26.1259,234.003373178933,23.3083455580689
58994.27371530002,19.3520654855688,0.06409180894939547,65.94377511327704,3.892839491537304,ztfr,True,26.0057,458.620861473141,27.0736304999021
58994.33851849986,19.502567000716137,0.1502482913046879,57.40810346079749,7.944615871813172,ztfi,True,25.2966,207.78452494586,28.7549689902107
58995.250231499784,nan,nan,nan,nan,ztfr,False,26.1653,nan,nan
58995.25457180012,19.388087030442097,0.05718278744779057,63.79184863434418,3.3598560572527694,ztfr,True,26.0367,456.504631253123,24.0436651910098
58995.30037039984,nan,nan,nan,nan,ztfg,False,26.2829,nan,nan
58995.30083330022,20.314222358462878,0.13776582628406234,27.183855728053008,3.449393336982558,ztfg,True,26.1405,214.047942010799,27.1608101644292
58997.21045139991,20.581851599000377,0.18889036914050816,21.245128409984904,3.696232981301967,ztfg,True,26.1139,163.23728406938,28.4000652531631
58997.332094899844,19.476919142852097,0.13266325310347518,58.78037370794955,7.1824588696090705,ztfi,True,25.3223,217.847380860344,26.6190865110113
58998.26541669993,19.60086277181269,0.07904019655826015,52.43905917445183,3.8176232333783804,ztfr,True,26.0283,372.370177059347,27.1089730010177
58998.270092600025,19.648676230969414,0.08712120579239206,50.17986719811125,4.026646897671137,ztfr,True,26.0072,349.469684263595,28.0429402974403
58998.27424769988,nan,nan,nan,nan,ztfr,False,26.1721,nan,nan
58998.2747105998,19.531334795773432,0.06870397259237157,55.906986262462546,3.5378392298962145,ztfr,True,26.0114,390.864368569181,24.7342128262979
58998.33732639998,nan,nan,nan,nan,ztfg,False,26.2476,nan,nan
58998.337789400015,20.59752740068477,0.15197418257500137,20.940596074785407,2.931224068434,ztfg,True,26.1086,160.11390135544,22.4124337085635
59000.257129599806,20.392295083053458,0.20254274003784495,25.29775409775045,4.71942196901722,ztfg,True,26.119,195.290881970696,36.4324862657752
59001.23142360011,nan,nan,nan,nan,ztfr,False,26.1402,nan,nan
59001.231898100115,19.601759095290884,0.1507392907828804,52.39578626545583,7.274664881335725,ztfr,True,25.9906,359.365483849367,49.8945363979923
59001.371354199946,20.27840173510174,0.27063806566834847,28.095664355232078,7.003551860336351,ztfg,True,26.01,196.17303266899,48.901068525218
59001.37181709986,nan,nan,nan,nan,ztfg,False,26.1942,nan,nan
59004.18843750004,19.557576892345033,nan,17.687196946507623,10.914384232665883,ztfg,False,26.1464,140.029330277791,86.4090516500105
59004.250752300024,19.25119532128251,0.17640448913186174,72.36388445094558,11.75768082174277,ztfr,True,26.0566,527.426408678024,85.6962201137509
59005.26947919978,nan,nan,nan,nan,ztfr,False,26.1975,nan,nan
59009.20053240005,20.15601779273755,0.1737143239630168,31.447989289801153,5.031745601431335,ztfr,True,26.07,232.05604325999,37.1294636422969
59009.21149310004,20.457609045522855,0.24741725139849838,23.820802139797788,5.428458498237299,ztfr,True,26.0888,178.844826539497,40.7564662514908
59009.211967600044,nan,nan,nan,nan,ztfr,False,26.2286,nan,nan
59009.25434029987,20.461847042603672,nan,11.58273324915371,4.745600538426766,ztfg,False,26.1763,94.2607855236603,38.6199029979643
59009.29388889996,19.82761218906611,0.2570420028753647,42.55544383436338,10.075100411195406,ztfi,True,25.3986,169.197960731157,40.0580111529556
59011.210821799934,20.097458987312994,0.26901140568592363,33.190699479742044,8.223889401072542,ztfi,True,25.3109,121.724053170394,30.1604113927934
59012.19320600014,nan,nan,nan,nan,ztfg,False,26.3556,nan,nan
59012.193669000175,21.06828636674271,0.22026908899394168,13.573300163572231,2.753779553901975,ztfg,True,26.2528,118.523768976926,24.0463503883908
59012.19509259984,21.16387821501051,0.24598992853147614,12.429358484001627,2.816152717299122,ztfg,True,26.1673,100.315655189421,22.728784056953
59012.230810199864,nan,nan,nan,nan,ztfr,False,26.233,nan,nan
59012.23128469987,20.119112461351595,0.12802224884946017,32.53531497170651,3.836459601826819,ztfr,True,26.0788,242.033240498946,28.5397805517153
59012.2327083,20.17967381400339,0.12366149103393735,30.77021100435306,3.5047344314517503,ztfr,True,26.0765,228.418078794557,26.0168740930665
59013.253287000116,19.822028041214487,0.1377385174696044,42.77487839087536,5.426681711800487,ztfi,True,25.3806,167.274131441005,21.2214155620335
59015.213113400154,nan,nan,nan,nan,ztfr,False,26.1777,nan,nan
59015.21358799981,19.97633046063621,0.11697575110281104,37.10802288371384,3.9981015462491727,ztfr,True,26.0187,261.184749937861,28.1406302851443
59016.19929399993,21.101200922039155,0.23667304885589371,13.16799433966447,2.8705069242751593,ztfg,True,26.23,112.59513635301,24.5447492005268
59016.237499999814,20.171425596323665,0.17939023677595853,31.004859058035525,5.122933598255701,ztfr,True,25.9688,208.42497662878,34.4380638366588
59016.27682870021,20.310814650851896,0.35708744452431307,27.26930941014558,8.968893811560918,ztfi,True,25.0613,79.4683397159522,26.1371892325314
59018.19986109994,nan,nan,nan,nan,ztfg,False,26.3426,nan,nan
59018.201307899784,21.153123526120417,0.22972181577079015,12.553088468638745,2.6560912559151326,ztfg,True,26.1626,100.876635640224,21.3443528673857
59018.234525499865,nan,nan,nan,nan,ztfr,False,26.2071,nan,nan
59018.274108800106,20.002700104758695,0.15219801209444586,36.21762419908499,5.077139546729696,ztfi,True,25.3491,137.581474024766,19.2867521853118
59019.21324069984,20.196781442007904,0.12647534420511716,30.289173519954858,3.5284458382838824,ztfr,True,26.0548,220.397885309012,25.6745863558416
59019.255659699906,21.224711668085185,0.26248766248894956,11.752096062881273,2.841282329272628,ztfg,True,26.1443,92.8614226355715,22.4509328203091
59020.32995369984,20.188691432834585,0.2731137993059244,30.51570633601163,7.676393567221152,ztfi,True,25.2731,108.0845022447,27.189250303159
59021.23483800003,nan,nan,nan,nan,ztfr,False,26.2019,nan,nan
59021.23577550007,20.507660427161554,0.17525598978023382,22.747612897667874,3.671967775185038,ztfr,True,26.0349,162.515889467803,26.2336585278575
59022.20129630016,21.19626961053539,0.24201572596899118,12.064022979973991,2.689217352496083,ztfg,True,26.204,100.714535893801,22.4504941696309
59022.2200230998,20.310038515556926,0.12019985329148174,27.288809763882153,3.0211945566158134,ztfr,True,26.0756,202.406564609288,22.4088047999164
59022.273032399826,20.27936962095341,0.21873151752358763,28.070629472311914,5.655274368905893,ztfi,True,25.3689,108.59558060786,21.8783053723057
59024.20112269977,nan,nan,nan,nan,ztfg,False,26.3108,nan,nan
59024.20158560015,21.368806915128165,0.31426023667055225,10.291465771240967,2.978906207015818,ztfg,True,26.1474,81.5524915550559,23.6056970591923
59024.21369209979,20.278082778263048,0.1789822521087524,28.1039192339539,4.633050343166208,ztfr,True,25.8184,164.485223281043,27.1160870419564
59024.23157409998,nan,nan,nan,nan,ztfr,False,25.5987,nan,nan
59024.30901619978,19.125184212806058,nan,38.67385449579893,16.25385235890888,ztfi,False,24.7274,82.8662066969528,34.8270196171268
59025.18898149999,20.099843283343258,0.13415105439690603,33.11789208536201,4.09210660647901,ztfr,True,25.8571,200.864268111506,24.8191520289411
59025.22847220022,20.91666076291031,0.22316077441679935,15.607584497876136,3.208069119758377,ztfg,True,25.9096,99.3517897091347,20.4213155855075
59026.29488429986,17.326876069029407,nan,-131.13086323067097,85.16861170241718,ztfi,False,22.7941,-47.3527188756181,30.7552717004302
59027.193414399866,20.452475596383756,nan,11.637487334200292,4.786739101035979,ztfg,False,26.049,84.2285300184118,34.6449354988381
59027.212303199805,nan,nan,nan,nan,ztfg,False,26.1666,nan,nan
59027.25400459999,nan,nan,nan,nan,ztfr,False,26.0687,nan,nan
59027.25494210003,20.432199727328676,0.25682128287016576,24.38485115859515,5.768212910701348,ztfr,True,25.9236,157.238940591665,37.1947190198924
59028.203009299934,20.547921745547235,nan,11.6583982812535,4.38390664643711,ztfg,False,26.0822,86.9999269313242,32.7145761118025
59028.21453699982,20.38714333289399,0.2430631632923357,25.418075586669772,5.69052026977954,ztfr,True,25.9764,172.069012712197,38.5222792064251
59028.29293979984,19.900280950675167,0.3113805222569945,39.80041676252803,11.41482412965093,ztfi,True,25.2582,139.04891990519,39.8794559264521
59030.32229170017,19.14859805176616,nan,15.274685372249225,15.907091344302808,ztfg,False,25.8982,96.2171022956877,100.200704486017
59031.18841439998,19.780759860567194,nan,13.390503637556806,8.886403956615686,ztfg,False,26.0757,99.3291940854404,65.9183080203663
59031.21156249987,20.39628972388404,0.3607819759452464,25.20484960844614,8.375661273959627,ztfr,True,25.9635,168.610303624606,56.0298042796475
59032.19334489992,nan,nan,nan,nan,ztfg,False,26.3164,nan,nan
59032.21091439994,nan,nan,nan,nan,ztfr,False,26.2088,nan,nan
59032.25239579985,19.973507525470907,0.3031070333471081,37.20462999783094,10.386833402799448,ztfi,True,25.3461,140.940883574543,39.3480455904945
59033.172824100126,19.761120142246558,nan,25.353282938695735,9.048611426723136,ztfr,False,26.07,187.082947281236,66.7700864857354
59033.192314799875,19.549895950250196,nan,11.767715680916252,10.991870814604507,ztfg,False,26.1593,94.2783920515965,88.0626226991828
59033.27140050009,19.564605993687742,nan,20.515469460704818,10.843952290903413,ztfi,False,25.329,76.5035273229066,40.4378072831546
59034.1964699002,19.955332682784498,nan,22.637261907932825,7.566532861361522,ztfg,False,26.1443,178.872631239307,59.7883987813971
59034.31348379981,19.468667352275215,nan,24.747887474601285,11.845763418915562,ztfr,False,25.95,163.507671064983,78.2641827752556
59035.20591440005,nan,nan,nan,nan,ztfg,False,26.329,nan,nan
59035.29479169985,nan,nan,nan,nan,ztfr,False,26.193,nan,nan
59036.22951389989,19.912864958855046,nan,14.27600212775272,7.8683561990075095,ztfg,False,26.1288,111.205586268032,61.2920309373808
59036.278252299875,20.304133392182266,0.34055030175994006,27.437633022455575,8.606331588261712,ztfr,True,26.0249,194.225676647518,60.922550236567
59037.19126159977,20.84679648151139,0.34173133316836757,16.644908319468463,5.239096168810178,ztfr,True,26.032,118.599103833468,37.3298607954174
59037.23129629996,19.947898930419036,nan,3.7126074265245155,7.61851669343024,ztfg,False,26.1056,28.3086415338452,58.0912101163972
59037.27377310023,20.17602073549382,0.2659481790007679,30.873915117261816,7.562735105517231,ztfi,True,25.3131,113.457107089836,27.7919416277397
59037.274236099795,19.756169296406068,nan,8.151645760942355,9.089966383161237,ztfi,False,25.3679,31.5068727296559,35.1335696312205
59038.190347199794,nan,nan,nan,nan,ztfr,False,26.2186,nan,nan
59038.23295139987,nan,nan,nan,nan,ztfg,False,26.3146,nan,nan
59039.197384300176,20.98011549722183,nan,3.780625313750778,2.9443117815268596,ztfg,False,26.1618,30.3587326687243,23.64306612021
59039.22893519979,20.49875267807605,0.16950044405557427,22.935009732929608,3.5806340003228203,ztfr,True,26.0598,167.655933749232,26.174592630604
59040.19853009982,20.501912829031575,0.18384164274526207,22.868351996678374,3.8722993441523865,ztfr,True,26.058,166.891749908173,28.2597895033158
59041.190844899975,nan,nan,nan,nan,ztfg,False,26.2659,nan,nan
59042.195717600174,21.32024091931401,0.30977561896845224,10.762263780005476,3.0707257289794145,ztfg,True,26.0521,78.1166539206696,22.2885095514597
59042.2125694002,20.824267778543945,0.26694056179398507,16.993893357633528,4.178280777336063,ztfr,True,25.988,116.27675109433,28.5889115415859
59043.21130790003,20.8533421412271,nan,8.100420018771006,3.308972357562925,ztfg,False,26.1038,61.663410090924,25.1891283403958
59043.23436339991,20.84143846149949,0.3176753171491112,16.72725260457423,4.894386364733733,ztfr,True,25.9638,111.929513317078,32.7505237555019
59044.21324069984,nan,nan,nan,nan,ztfr,False,26.1982,nan,nan
59044.213703699876,20.968222593769138,0.31860320276733506,14.883701878567262,4.367684523851644,ztfr,True,26.0433,107.159570061528,31.4464237162876
59044.25337960012,19.95690367608739,nan,13.233612511916242,7.555592472077596,ztfi,False,25.3216,49.0138044890926,27.9839183663726
59044.25385419978,19.903981927508667,nan,4.345689128941577,7.932995805565161,ztfi,False,25.3111,15.9403794628653,29.0989437269818
59045.19298609998,21.297440734125278,0.3421557587993899,10.990658312793716,3.463679685657876,ztfr,True,26.0556,80.0320066892862,25.2218955300825
59045.233402799815,20.775940548610464,nan,9.851169588863279,3.5534791880634646,ztfg,False,26.1082,75.2952874408736,27.1602508176163
59046.19047449995,20.86504065675065,0.2826981426981638,16.367552299327624,4.261837188482066,ztfr,True,26.0738,121.200311856309,31.5585364798902
59046.19094910007,20.515098199690698,nan,12.538104412261017,4.518462848423931,ztfr,False,26.0546,91.2161803103706,32.8723472349217
59046.21040510014,20.769461365184178,nan,9.551794748916201,3.574748146001495,ztfg,False,26.1904,78.7489880493958,29.4717177691672
59046.21086810017,20.862609042287133,nan,7.666499754330477,3.28085002864451,ztfg,False,26.1536,61.0994254122383,26.1472716412304
59048.186145800166,20.461174103046208,0.20865621114168703,23.742713872361026,4.563014385951942,ztfr,True,26.0645,174.313233372162,33.500542348063
59048.25871529989,20.669217001199193,nan,5.576884754577635,3.920515680353356,ztfg,False,26.0751,41.3458257471508,29.065861191736
59048.26965280017,20.712244347626196,nan,7.676092126379727,3.768185348549071,ztfg,False,26.0235,54.2675454158456,26.6398795338787
59048.27012730017,nan,nan,nan,nan,ztfg,False,26.2354,nan,nan
59048.30681709992,20.5708946128919,0.35141125412269253,21.460614574742433,6.94621118352581,ztfi,True,25.2707,75.844161590314,24.5486708504526
59049.167905100156,nan,nan,nan,nan,ztfr,False,26.2107,nan,nan
59049.16836810019,20.120405809567732,nan,16.89904050119366,6.499316280466141,ztfr,False,26.0454,121.905148208588,46.8843254366276
59049.169305600226,20.194782732589054,nan,12.260402035784795,6.068996717946446,ztfr,False,26.0621,89.814139132106,44.4587146511991
59049.17070600018,20.44130337613508,nan,5.54125328905672,4.836248914036594,ztfr,False,26.0515,40.1983291635827,35.0839630715665
59049.189363399986,nan,nan,nan,nan,ztfg,False,26.3323,nan,nan
59049.18983800011,20.900821602245074,nan,8.429127274959635,3.1673886399835363,ztfg,False,26.1775,68.672461014665,25.8048509415352
59049.19030090002,20.915108925963615,nan,7.884123945664715,3.1259816569405174,ztfg,False,26.1468,62.4415166523178,24.757479338465
59049.20592590002,20.98152032966472,nan,6.550196147685894,2.9405046045210903,ztfg,False,26.131,51.1274703192343,22.9520702130939
59049.24158560019,20.1848047840307,nan,8.765733740116234,6.1250280518083615,ztfi,False,25.3115,32.165349507339,22.4754337594173
59050.208449100144,20.677845461442498,nan,6.152506427083083,3.8894824040330267,ztfg,False,26.1206,47.5655010644617,30.0698880402388
59050.256458300166,20.184988180696607,nan,14.18729117344225,6.123993532694035,ztfr,False,25.9977,97.9443711240936,42.278028130595
59050.2569213002,nan,nan,nan,nan,ztfr,False,26.1337,nan,nan
59050.25738430023,20.477988129691546,0.3202952596170005,23.37785971051083,6.896764893863757,ztfr,True,25.9928,160.66628362382,47.3985898728839
59051.17326389998,20.58603937805158,nan,9.923100915188904,4.2326683861152015,ztfg,False,26.132,77.5260055635678,33.068480876621
59051.192546300124,21.166226821964436,0.3312132788874471,12.402501013973774,3.7836170463692924,ztfr,True,26.0436,89.3201145184528,27.2487869579617
59051.19348380016,20.61030213688269,nan,4.46020244910365,4.13913070682713,ztfr,False,26.0343,31.8474432085237,29.5548759551991
59051.193946800195,20.367933709698022,nan,14.358572566845492,5.174358460971965,ztfr,False,26.0166,100.867502421326,36.3493384987337
59051.19488430023,21.068668750053735,0.357285226305496,13.568520651220368,4.465167147003835,ztfr,True,26.019,95.5283991523979,31.4367557426234
59052.19137729984,20.226507321400113,0.34126361993544996,29.471149223833812,9.263545240658885,ztfi,True,25.0222,82.8470543253677,26.0409741734032
59052.24271989986,20.447327129423062,nan,12.88369216304979,4.809491304747039,ztfr,False,26.0227,91.0165437076643,33.9765394896333
59052.2436573999,20.82350861297413,0.25600941593861576,17.00577993753472,4.0099841479127685,ztfr,True,26.0193,119.761314674733,28.2398675710778
59053.18621530011,20.527654633980568,0.1677815341662663,22.332541330700035,3.45121861130736,ztfr,True,26.069,164.641057302616,25.4432432356904
59053.18667820003,20.924662061222445,0.2522086821982915,15.49298767943481,3.5990292032279814,ztfr,True,26.0539,112.640657153786,26.1664840220189
59053.19412040012,21.02899612037613,nan,7.6861051596551935,2.814696334276409,ztfg,False,26.1159,59.165197979031,21.66663900755
59053.25530089997,20.121177329001387,nan,16.842813860743533,6.494699535046288,ztfi,False,25.3261,62.6404182793019,24.1545562895467
59054.270694400184,20.402364380732337,nan,9.491926835702147,5.012844621188627,ztfg,False,25.946,62.4819222344367,32.9977435789256
59055.177210600115,nan,nan,nan,nan,ztfg,False,26.2574,nan,nan
59055.17768519977,20.64930725189045,nan,7.487355060831053,3.993071575027435,ztfg,False,26.1035,56.9807850567254,30.3883482597263
59055.17814810015,20.641907555023153,nan,6.409901435905393,4.020378794687451,ztfg,False,26.0782,47.657510418807,29.8914493789411
59055.19252309995,nan,nan,nan,nan,ztfr,False,26.1665,nan,nan
59055.19298609998,20.243444100925196,nan,13.5305781361606,5.8029971235758415,ztfr,False,26.0121,94.6577884560588,40.5968517092816
59055.19392360002,20.392972095269336,nan,13.097322246077633,5.0563969135006595,ztfr,False,26.0101,91.4581712094791,35.3086536262417
59056.18743060017,nan,nan,nan,nan,ztfr,False,26.2257,nan,nan
59056.187905100174,20.2950452860312,nan,13.71032222987909,5.533652477496628,ztfr,False,26.0247,97.0348328322439,39.164436408024
59056.24424770009,20.154017896644245,nan,-3.4402590864190117,6.3011937998742935,ztfg,False,26.0258,-24.3731213390383,44.6419171368265
59056.27106480021,20.065011955886177,nan,5.518743879233122,6.839513534654061,ztfg,False,25.8646,33.7039063395962,41.7700709844164
59057.19048610004,20.304234100870136,nan,6.841220213396634,5.487017626369252,ztfg,False,26.1125,52.4968893200422,42.1052601792526
59057.19094910007,20.341180888360856,nan,-7.139132848246225,5.3034397613411075,ztfg,False,26.0599,-52.1921831762321,38.771949671174
59057.27372690011,19.506572194470465,nan,2.5128255936689436,11.439343940273815,ztfi,False,25.2393,8.6274479292081,39.2754453144976
59059.189722199924,19.73541593901183,nan,23.15846581218289,9.265388200230632,ztfi,False,25.353,88.2896479573936,35.3234911596177
59060.19192129979,nan,nan,nan,nan,ztfr,False,26.2253,nan,nan
59060.19239579979,20.056104810754924,nan,12.324907905694097,6.895854212649269,ztfr,False,26.0254,87.2858173082077,48.8368980600055
59060.192858799826,20.084756542938855,nan,0.12152838180512089,6.716258117626171,ztfr,False,26.0323,0.866159185047097,47.8682310364138
59060.226412000135,19.845646566959594,nan,4.454771460363825,8.37088487063838,ztfg,False,26.0315,31.7267384733047,59.6171717099033
59060.22874999978,19.888904390591343,nan,-8.661686754531281,8.043929200038411,ztfg,False,26.0489,-62.684833065309,58.2141069497564
59060.22921299981,19.922193182389556,nan,-3.5673283194448793,7.801043914883311,ztfg,False,26.2219,-30.2763196327411,66.2083435798841
59061.189699099865,19.613469348373073,nan,6.097516263273753,10.366741189667863,ztfi,False,25.3099,22.3415328829098,37.9841363560758
59062.192534700036,nan,nan,nan,nan,ztfg,False,26.2388,nan,nan
59062.19299770007,20.030396240778153,nan,1.6275575342062667,7.061085973443779,ztfg,False,26.0922,12.2579077838497,53.1803877265202
59062.19439810002,20.001565946520984,nan,3.514176361132718,7.251095367235856,ztfg,False,26.0712,25.9599321503991,53.5653093087342
59062.205196800176,19.753483120747283,nan,-5.543359424556881,9.112483340882807,ztfg,False,26.0387,-39.7423037759623,65.3306151288773
59062.21028940007,nan,nan,nan,nan,ztfr,False,26.1542,nan,nan
59062.21075229999,19.95714972442962,nan,20.27076223044547,7.553880426036239,ztfr,False,25.9832,138.086136768073,51.4576686254381
59062.24787040008,19.64196726840815,nan,14.94830635159787,10.098179548346272,ztfr,False,25.9269,96.6834167374914,65.3135197124464
59062.24880790012,19.511852418286573,nan,5.310621030404243,11.383846428403615,ztfr,False,25.9451,34.9289323441087,74.8736540297183
59063.16660880018,19.99880040463409,nan,2.4182649220868995,7.269588596917859,ztfr,False,26.0448,17.4350772638819,52.4118915617067
59063.170856500044,20.1557838135163,nan,13.043127892251666,6.29095343013744,ztfr,False,26.0401,93.6314507919908,45.160263810534
59063.189641200006,19.497491867890844,nan,-5.605130040127285,11.53541566720022,ztfi,False,25.326,-20.8442221354454,42.8976250096703
59065.15576389991,nan,nan,nan,nan,ztfr,False,26.2213,nan,nan
59065.15671300003,19.606727635646962,nan,21.942786222554357,10.431312146098328,ztfr,False,26.0527,159.357229972303,75.7563324784176
59065.15717589995,19.57077254318419,nan,-18.968543963511777,10.78253752881404,ztfr,False,26.0383,-135.942106560412,77.2753495762943
59065.18949070014,nan,nan,nan,nan,ztfg,False,26.2772,nan,nan
59065.19370369986,19.60685211697882,nan,17.822406962360887,10.430116248615649,ztfg,False,26.0471,128.767527349015,75.3579627114019
59066.21179400012,19.840556659937437,nan,6.069970298260552,8.410219519455806,ztfr,False,25.9877,41.5208815809622,57.5290671253021
59066.25238429988,19.30401160808936,nan,27.520514546485494,13.785589825967966,ztfi,False,25.2758,97.7184454885297,48.9491722860288
59067.16709489981,20.43807716792478,nan,8.904762153082077,4.850640946128418,ztfr,False,26.048,64.3905780553057,35.0751170093678
59067.226666700095,19.75729158822994,nan,-5.281843917126596,9.080575221489955,ztfg,False,26.016,-37.0839138334479,63.7548693894516
59069.191145800054,20.58405862977446,nan,11.530008449267726,4.240397245770036,ztfr,False,26.2276,98.3715751666106,36.1781657172201
59069.19160880009,20.741721663628557,nan,-0.699932107442865,3.6672568648128556,ztfr,False,26.0289,-4.97297087843383,26.0556151068403
59073.17035879986,20.203362871005744,nan,9.991181267757725,6.0212248768431715,ztfr,False,26.0246,70.7060927090511,42.6113062064046
59073.21677079983,20.311800973067793,nan,6.350359144798167,5.44890964547947,ztfg,False,25.9529,42.0686220997215,36.0968750750063
59074.17509259982,20.047578602618394,nan,11.623402544451249,6.950220044695551,ztfr,False,25.813,67.6913660750489,40.4760901593502
59074.20795139996,20.37831846329956,nan,2.257074716991813,5.125103146854306,ztfg,False,25.8407,13.4842233031592,30.618408315704
59075.14899310004,18.80729944963817,nan,35.23127401809988,21.782625044562025,ztfi,False,24.4971,61.0616236606368,37.7528911423551
59075.149467600044,18.981083867430993,nan,15.035356115815528,18.560789641313647,ztfi,False,24.6868,31.0337115326551,38.3103790232758
59075.17246530019,19.690546044831102,nan,-15.51538566491989,9.656318406996162,ztfg,False,25.2244,-52.5439327530759,32.7017939468097
59075.22674770001,19.75825000008544,nan,4.564241566921253,9.072563062670868,ztfr,False,25.7038,24.0374626158178,47.7804235930712
59077.16467589978,19.469136661873417,nan,20.282607124082,11.840644192800928,ztfr,False,25.4205,82.2855882893503,48.036939589126
59077.22784719989,19.607963940541516,nan,-3.3344211540528863,10.419440991180345,ztfg,False,25.322,-12.3543656952246,38.605076682768
59078.170555599965,20.86370171853002,0.3486577139436742,16.387749341456704,5.262701687459009,ztfr,True,25.9051,103.886547296184,33.3617445793395
59078.19673610013,20.32632518085186,nan,10.73129720526701,5.376503381975139,ztfg,False,25.7863,60.977866183695,30.5506126138556
59081.14731479995,19.465089980871255,nan,4.100168638820988,11.88485816858471,ztfi,False,25.1492,12.956321600963,37.5555393395463
59081.14778940007,19.45078669731415,nan,2.340021487324377,12.042462891933488,ztfi,False,25.1133,7.15385025718513,36.8158911032506
59085.14737269981,19.173388083789227,nan,15.320276491632997,15.548008240907066,ztfi,False,25.2947,55.353693320482,56.1765109383976
59085.14783560019,19.423015824504407,nan,-7.996339847000157,12.354457105452555,ztfi,False,25.2731,-28.3224776980677,43.7586248878833
59091.1482406999,19.794847744834506,nan,6.270382380467452,8.771843964141587,ztfi,False,25.3416,23.655603149792,33.0926005970568
59091.14870369993,19.788982935048274,nan,-1.4900078073386729,8.819354945265028,ztfi,False,25.3488,-5.65859412108209,33.493213793389
59096.12863430008,19.36068800240748,nan,18.91938017132155,13.084429595751345,ztfr,False,25.9167,121.223523780779,83.8368195942699
59096.13334489986,19.82364353804848,nan,4.076173793580654,8.542255959350355,ztfr,False,25.9032,25.794831335745,54.0570797165754
59096.1380671002,19.791948007524876,nan,21.70874714460175,8.795302738111587,ztfr,False,25.8775,134.163617618219,54.3564133633528
59096.14278940018,19.863020074634356,nan,12.244016765109475,8.238003380029598,ztfr,False,25.9091,77.9047459364461,52.4157694861709
59096.147488399874,19.788104829544764,nan,4.100139440522829,8.826490616521736,ztfr,False,25.879,25.3745662248753,54.6245740982926
59098.130960599985,19.792493653337587,nan,3.506481681649902,8.790883695647507,ztfr,False,25.9326,22.7987782472265,57.1574090984335
59098.13567129988,19.917351734952433,nan,-8.463425839306725,7.835907518337687,ztfr,False,25.9187,-54.3283096853516,50.3001524920193
59098.140393500216,19.942244410599557,nan,12.903656395269643,7.658297467444955,ztfr,False,25.8961,81.1246413735622,48.1473325503526
59098.14510420011,19.8883832142263,nan,3.03155927350613,8.047791383247828,ztfr,False,25.8988,19.1067166904887,50.7220397396467
59098.14982639998,19.862795389816537,nan,19.642009628811007,8.239708348339722,ztfr,False,25.8829,121.996092228952,51.176648347085
